1.714408590217482431e-01,1.850545200625176509e-02,0.000000000000000000e+00,1.242729601651990645e-01,5.981745971714724427e-03,6.705860703023050484e-02,2.969085855073787163e-03,0.000000000000000000e+00,2.012060186103517556e-03,0.000000000000000000e+00,3.639389230720590129e-04,1.823158955643414125e-01,0.000000000000000000e+00,2.534311872899849220e-03,1.662561620064966069e-03,2.161749345853917689e-02,1.111897377868945481e-03,0.000000000000000000e+00,0.000000000000000000e+00,1.869324722848637321e-01,2.148976788340629593e-02,3.341209536580899871e-03,2.037638269865273133e-01,8.777781083582058283e-04,0.000000000000000000e+00,0.000000000000000000e+00,0.000000000000000000e+00,0.000000000000000000e+00
1.356692212429662370e-01,7.709970207539792661e-03,8.222067155373940714e-03,1.898345907388295783e-01,1.815151757068295124e-02,1.759549601341617309e-01,0.000000000000000000e+00,7.154444222948640186e-02,0.000000000000000000e+00,0.000000000000000000e+00,2.320066107734784170e-03,1.578231652469981872e-01,0.000000000000000000e+00,0.000000000000000000e+00,0.000000000000000000e+00,9.738171146576584530e-04,0.000000000000000000e+00,7.035146484660326216e-02,2.406400384564971393e-03,5.981643864589077098e-02,1.466702863161870735e-02,1.206386712700672614e-03,0.000000000000000000e+00,3.296999016173291636e-02,0.000000000000000000e+00,0.000000000000000000e+00,0.000000000000000000e+00,0.000000000000000000e+00
6.487591929436671741e-03,1.991372662783979786e-01,1.538311632834758746e-01,0.000000000000000000e+00,0.000000000000000000e+00,4.166027073260014646e-02,8.927763701786137207e-02,1.107208093375601637e-01,1.743970290097122677e-01,0.000000000000000000e+00,3.688822438817194321e-02,2.384881053646727839e-03,3.860285627378829548e-02,5.107061736618576792e-02,0.000000000000000000e+00,4.521359602739690592e-02,0.000000000000000000e+00,3.488948795725758945e-02,1.556686609712723268e-01,1.086748363369020171e-01,3.298237912870569111e-02,0.000000000000000000e+00,6.459190427485868302e-02,0.000000000000000000e+00,0.000000000000000000e+00,0.000000000000000000e+00,0.000000000000000000e+00,0.000000000000000000e+00
4.327835596125560735e-02,0.000000000000000000e+00,0.000000000000000000e+00,1.656427431505560766e-01,4.562247497130536567e-03,0.000000000000000000e+00,0.000000000000000000e+00,0.000000000000000000e+00,0.000000000000000000e+00,0.000000000000000000e+00,0.000000000000000000e+00,2.168687041960162126e-02,0.000000000000000000e+00,0.000000000000000000e+00,0.000000000000000000e+00,0.000000000000000000e+00,0.000000000000000000e+00,0.000000000000000000e+00,0.000000000000000000e+00,0.000000000000000000e+00,1.677874290026705115e-02,1.264013147792268643e-01,3.113489203104986003e-01,2.695107647946309859e-01,0.000000000000000000e+00,0.000000000000000000e+00,0.000000000000000000e+00,0.000000000000000000e+00
9.292207484752516150e-03,1.880034564561423871e-02,0.000000000000000000e+00,1.185148434417481189e-01,3.347154068469124916e-02,1.860111278222403297e-01,2.994180365146392655e-04,1.215662210461464915e-01,0.000000000000000000e+00,2.154835659407644197e-02,7.407615536056764559e-05,9.615036072869977135e-02,0.000000000000000000e+00,0.000000000000000000e+00,0.000000000000000000e+00,0.000000000000000000e+00,0.000000000000000000e+00,4.963758504548042988e-02,0.000000000000000000e+00,1.490435805234794353e-01,1.017493124973821439e-02,0.000000000000000000e+00,0.000000000000000000e+00,0.000000000000000000e+00,0.000000000000000000e+00,0.000000000000000000e+00,0.000000000000000000e+00,0.000000000000000000e+00
0.000000000000000000e+00,7.628560545061086051e-02,1.692851367294703757e-01,0.000000000000000000e+00,0.000000000000000000e+00,0.000000000000000000e+00,7.843082944103359211e-02,9.067041125753326491e-02,2.500728633773941501e-01,7.205430564341519777e-04,3.537721611227909180e-02,0.000000000000000000e+00,1.941619011410573858e-02,1.124512223920527271e-01,1.491346792547929533e-02,6.350998917107138209e-02,2.521813915755556287e-02,5.632005937312644511e-02,2.208945925182943526e-01,0.000000000000000000e+00,2.060633285649375243e-02,0.000000000000000000e+00,0.000000000000000000e+00,0.000000000000000000e+00,0.000000000000000000e+00,0.000000000000000000e+00,0.000000000000000000e+00,0.000000000000000000e+00
4.631590804002307105e-02,0.000000000000000000e+00,0.000000000000000000e+00,7.476607486650697909e-02,1.709650866219260875e-03,0.000000000000000000e+00,2.093854029266884516e-03,2.897675646304232952e-03,3.930116790841742160e-07,1.044168399152894250e-02,1.405667778287499319e-04,3.904670733610437344e-02,1.401033127137905653e-05,0.000000000000000000e+00,0.000000000000000000e+00,0.000000000000000000e+00,0.000000000000000000e+00,0.000000000000000000e+00,0.000000000000000000e+00,4.009085425400116080e-03,8.067286880917933986e-03,9.943291517359700155e-03,1.709958018539810831e-01,8.266779275357053272e-03,0.000000000000000000e+00,0.000000000000000000e+00,0.000000000000000000e+00,0.000000000000000000e+00
1.890081902096178157e-01,0.000000000000000000e+00,0.000000000000000000e+00,7.605627754143109986e-02,0.000000000000000000e+00,1.148148989549603247e-02,0.000000000000000000e+00,0.000000000000000000e+00,0.000000000000000000e+00,0.000000000000000000e+00,0.000000000000000000e+00,8.091819544557002364e-02,0.000000000000000000e+00,0.000000000000000000e+00,0.000000000000000000e+00,0.000000000000000000e+00,8.322981287840281253e-04,0.000000000000000000e+00,0.000000000000000000e+00,0.000000000000000000e+00,0.000000000000000000e+00,3.459612553458217554e-02,3.662503265335464303e-02,5.639563273271193389e-02,0.000000000000000000e+00,0.000000000000000000e+00,0.000000000000000000e+00,0.000000000000000000e+00
1.944888352871242468e-02,0.000000000000000000e+00,2.659446759046860814e-02,0.000000000000000000e+00,3.529979990511080551e-02,2.656713119264279832e-02,2.323374443859723693e-01,4.334522607496502783e-02,5.959450094012806731e-02,2.228939705377218083e-01,0.000000000000000000e+00,1.692269478411908418e-02,0.000000000000000000e+00,1.108350402182273209e-01,1.735844088309023148e-01,1.830454157710498546e-03,1.469336283490032258e-01,1.261617234758627137e-01,0.000000000000000000e+00,3.035481636178538611e-02,1.553369094522599053e-02,3.789989176091471124e-02,1.282210080378508137e-02,0.000000000000000000e+00,0.000000000000000000e+00,0.000000000000000000e+00,0.000000000000000000e+00,0.000000000000000000e+00
0.000000000000000000e+00,5.286146632881769114e-02,0.000000000000000000e+00,0.000000000000000000e+00,0.000000000000000000e+00,1.108258802129813772e-02,0.000000000000000000e+00,3.206337317451309066e-02,0.000000000000000000e+00,4.776128749873869567e-02,0.000000000000000000e+00,0.000000000000000000e+00,2.146823768874356608e-01,0.000000000000000000e+00,7.183533637634238744e-02,1.142607578198902157e-01,0.000000000000000000e+00,4.983639929498979299e-02,0.000000000000000000e+00,2.286254160507516717e-02,2.090651333000800860e-01,5.654795645522378393e-03,3.332543071902063173e-03,2.135361673813292605e-03,0.000000000000000000e+00,0.000000000000000000e+00,0.000000000000000000e+00,0.000000000000000000e+00
0.000000000000000000e+00,8.997792873500050359e-02,1.979148381829022862e-01,0.000000000000000000e+00,0.000000000000000000e+00,0.000000000000000000e+00,7.081043057719893508e-02,1.128570617379900387e-01,1.864058697497416872e-01,2.517754849510079121e-03,4.866074938683324913e-02,0.000000000000000000e+00,1.828298964897479006e-02,4.567777637608159275e-02,2.104641860910573547e-04,3.709306252257764391e-02,0.000000000000000000e+00,4.174438307610174592e-02,1.735125717600912998e-01,0.000000000000000000e+00,1.784803638691451200e-02,0.000000000000000000e+00,0.000000000000000000e+00,0.000000000000000000e+00,0.000000000000000000e+00,0.000000000000000000e+00,0.000000000000000000e+00,0.000000000000000000e+00
1.003617603578390444e-02,8.743901616980591374e-02,6.556532655432811829e-02,1.346563779614831299e-02,1.392718458061088793e-01,0.000000000000000000e+00,0.000000000000000000e+00,0.000000000000000000e+00,0.000000000000000000e+00,0.000000000000000000e+00,0.000000000000000000e+00,4.482363835382759121e-03,0.000000000000000000e+00,3.009774456539967766e-02,0.000000000000000000e+00,8.320164623804710002e-02,3.247172771565182137e-02,0.000000000000000000e+00,1.560911384577458594e-01,1.148032023905236516e-02,6.156322046709327908e-03,2.804954825554807803e-04,3.996982564137366994e-02,0.000000000000000000e+00,0.000000000000000000e+00,0.000000000000000000e+00,0.000000000000000000e+00,0.000000000000000000e+00
1.906830941643401084e-02,0.000000000000000000e+00,0.000000000000000000e+00,4.966835354985194191e-03,1.263255705911434379e-01,0.000000000000000000e+00,0.000000000000000000e+00,0.000000000000000000e+00,4.970833511222193940e-02,1.368701167496063405e-03,0.000000000000000000e+00,0.000000000000000000e+00,0.000000000000000000e+00,8.807282302583900602e-02,2.107820389566504235e-02,3.106736856678741707e-02,2.290725171417527239e-01,4.026567083454475095e-03,3.086790118584148424e-02,3.477583742811677509e-02,3.114813742941468719e-02,0.000000000000000000e+00,1.114910410170591101e-02,0.000000000000000000e+00,0.000000000000000000e+00,0.000000000000000000e+00,0.000000000000000000e+00,0.000000000000000000e+00
1.379380848886050670e-01,0.000000000000000000e+00,0.000000000000000000e+00,5.854970197431334789e-02,0.000000000000000000e+00,9.518003396731534701e-04,0.000000000000000000e+00,0.000000000000000000e+00,0.000000000000000000e+00,0.000000000000000000e+00,0.000000000000000000e+00,7.005081252330791486e-02,0.000000000000000000e+00,0.000000000000000000e+00,0.000000000000000000e+00,0.000000000000000000e+00,0.000000000000000000e+00,0.000000000000000000e+00,0.000000000000000000e+00,0.000000000000000000e+00,0.000000000000000000e+00,7.211614580448147752e-03,1.604870118350207667e-02,3.360769296381782567e-02,0.000000000000000000e+00,0.000000000000000000e+00,0.000000000000000000e+00,0.000000000000000000e+00
0.000000000000000000e+00,0.000000000000000000e+00,2.274419732319041959e-03,0.000000000000000000e+00,7.419305253421178137e-02,0.000000000000000000e+00,1.825758250071664313e-01,0.000000000000000000e+00,8.729495209519598509e-02,1.235818992345771583e-01,1.103353530693940471e-05,0.000000000000000000e+00,0.000000000000000000e+00,2.184489694753618538e-01,2.197239555465323735e-01,4.262544250590299434e-03,1.331793826456183771e-01,1.448031606469727672e-01,3.770912404059691917e-03,0.000000000000000000e+00,0.000000000000000000e+00,0.000000000000000000e+00,0.000000000000000000e+00,0.000000000000000000e+00,0.000000000000000000e+00,0.000000000000000000e+00,0.000000000000000000e+00,0.000000000000000000e+00
1.987985243685536432e-03,2.032561155536857442e-02,5.499757772332507059e-03,8.541203840973835004e-02,7.481381152107901417e-03,1.641518566644092347e-01,0.000000000000000000e+00,8.175114170077966980e-02,0.000000000000000000e+00,0.000000000000000000e+00,1.576649353667897114e-03,6.903014072010667246e-02,0.000000000000000000e+00,0.000000000000000000e+00,0.000000000000000000e+00,2.379618208125446575e-03,0.000000000000000000e+00,6.710068270757486852e-02,2.840472676724895874e-03,7.726627714746710229e-02,0.000000000000000000e+00,0.000000000000000000e+00,0.000000000000000000e+00,0.000000000000000000e+00,0.000000000000000000e+00,0.000000000000000000e+00,0.000000000000000000e+00,0.000000000000000000e+00
0.000000000000000000e+00,5.164960262825537413e-02,0.000000000000000000e+00,0.000000000000000000e+00,0.000000000000000000e+00,1.067292593211374534e-02,0.000000000000000000e+00,4.085286895421896824e-03,0.000000000000000000e+00,0.000000000000000000e+00,1.590498254194817190e-03,0.000000000000000000e+00,2.126279662558089034e-01,0.000000000000000000e+00,2.558357503918531548e-02,7.874244625382420537e-02,0.000000000000000000e+00,0.000000000000000000e+00,0.000000000000000000e+00,2.484903991296689985e-02,1.500077336013912743e-01,0.000000000000000000e+00,0.000000000000000000e+00,1.254730939719265194e-05,0.000000000000000000e+00,0.000000000000000000e+00,0.000000000000000000e+00,0.000000000000000000e+00
7.199984379293393986e-03,7.481052741345113610e-02,1.167195048684543371e-03,5.931314559730183240e-03,6.504030890404657872e-02,0.000000000000000000e+00,8.465734511182977607e-04,3.925748387017556629e-03,1.109473792576311235e-02,0.000000000000000000e+00,1.118895443030161778e-03,2.894049252199868902e-02,1.618299081326942269e-03,3.202748638856168541e-03,2.485276297115229793e-03,1.684257097275926318e-01,1.826343782722452541e-02,7.151232793714573004e-05,1.807551086685529607e-01,2.440038177403917354e-03,1.655146134738284900e-03,0.000000000000000000e+00,0.000000000000000000e+00,0.000000000000000000e+00,0.000000000000000000e+00,0.000000000000000000e+00,0.000000000000000000e+00,0.000000000000000000e+00
0.000000000000000000e+00,0.000000000000000000e+00,0.000000000000000000e+00,6.298712666315416098e-02,0.000000000000000000e+00,0.000000000000000000e+00,0.000000000000000000e+00,0.000000000000000000e+00,0.000000000000000000e+00,0.000000000000000000e+00,0.000000000000000000e+00,0.000000000000000000e+00,0.000000000000000000e+00,0.000000000000000000e+00,0.000000000000000000e+00,0.000000000000000000e+00,0.000000000000000000e+00,0.000000000000000000e+00,0.000000000000000000e+00,0.000000000000000000e+00,5.956169788459150273e-03,1.086679994896523616e-01,1.201952084546169253e-01,2.550953925249752063e-01,0.000000000000000000e+00,0.000000000000000000e+00,0.000000000000000000e+00,0.000000000000000000e+00
1.801988402281808803e-05,2.287302405872157843e-02,0.000000000000000000e+00,8.123852028283533918e-04,0.000000000000000000e+00,4.603950015843435301e-02,0.000000000000000000e+00,0.000000000000000000e+00,0.000000000000000000e+00,2.726543702510924542e-03,0.000000000000000000e+00,0.000000000000000000e+00,1.291064768845429610e-02,0.000000000000000000e+00,0.000000000000000000e+00,0.000000000000000000e+00,0.000000000000000000e+00,0.000000000000000000e+00,0.000000000000000000e+00,1.723953903629128481e-01,1.663404991809024416e-02,0.000000000000000000e+00,6.315228636511174831e-02,0.000000000000000000e+00,0.000000000000000000e+00,0.000000000000000000e+00,0.000000000000000000e+00,0.000000000000000000e+00
0.000000000000000000e+00,0.000000000000000000e+00,1.930905066426671229e-02,0.000000000000000000e+00,3.144017029858223178e-02,0.000000000000000000e+00,1.813357039160414241e-01,1.998112098871863626e-03,7.340541638494761656e-02,1.328208639708410854e-01,1.211505399397650758e-05,0.000000000000000000e+00,0.000000000000000000e+00,1.660306183699192528e-01,1.994126254264468046e-01,0.000000000000000000e+00,6.163056549937023093e-02,1.422646566185969130e-01,2.118446001308195100e-04,0.000000000000000000e+00,0.000000000000000000e+00,0.000000000000000000e+00,0.000000000000000000e+00,0.000000000000000000e+00,0.000000000000000000e+00,0.000000000000000000e+00,0.000000000000000000e+00,0.000000000000000000e+00
0.000000000000000000e+00,0.000000000000000000e+00,4.011155836999164421e-05,2.986954291060448310e-02,0.000000000000000000e+00,5.177819061650736771e-03,0.000000000000000000e+00,0.000000000000000000e+00,0.000000000000000000e+00,0.000000000000000000e+00,1.300309701746520412e-04,9.347278675092387037e-04,0.000000000000000000e+00,0.000000000000000000e+00,0.000000000000000000e+00,0.000000000000000000e+00,0.000000000000000000e+00,0.000000000000000000e+00,0.000000000000000000e+00,0.000000000000000000e+00,8.120763963500679875e-03,1.809765095934268153e-02,8.680471377437838643e-02,3.022450413999430360e-02,0.000000000000000000e+00,0.000000000000000000e+00,0.000000000000000000e+00,0.000000000000000000e+00
1.068482544046011305e-02,0.000000000000000000e+00,1.338475153317521000e-03,2.258297000334797983e-03,7.238026429740392412e-03,0.000000000000000000e+00,3.631332085431496215e-03,0.000000000000000000e+00,1.399403354472303698e-02,0.000000000000000000e+00,1.707403240684128142e-03,1.956200610892807126e-02,0.000000000000000000e+00,0.000000000000000000e+00,1.296358016166380359e-03,2.139152948631389134e-02,4.560563304470422190e-04,0.000000000000000000e+00,0.000000000000000000e+00,3.251451502559555423e-02,3.214343368103558633e-03,0.000000000000000000e+00,1.013850652764418103e-01,0.000000000000000000e+00,0.000000000000000000e+00,0.000000000000000000e+00,0.000000000000000000e+00,0.000000000000000000e+00
1.324815551400900238e-01,0.000000000000000000e+00,1.080617963880698860e-03,1.687299883083925867e-02,0.000000000000000000e+00,6.654453541853174586e-03,0.000000000000000000e+00,1.205518801975944895e-03,0.000000000000000000e+00,0.000000000000000000e+00,1.198342337733456463e-03,6.317600217043230215e-02,0.000000000000000000e+00,0.000000000000000000e+00,0.000000000000000000e+00,0.000000000000000000e+00,0.000000000000000000e+00,0.000000000000000000e+00,0.000000000000000000e+00,1.043174389076081450e-04,8.322092309341751551e-03,2.250459344230458601e-03,0.000000000000000000e+00,1.158823916950348781e-02,0.000000000000000000e+00,0.000000000000000000e+00,0.000000000000000000e+00,0.000000000000000000e+00
3.806258212986735057e-02,0.000000000000000000e+00,0.000000000000000000e+00,5.660166621606151777e-02,0.000000000000000000e+00,1.267815551828023208e-03,0.000000000000000000e+00,0.000000000000000000e+00,0.000000000000000000e+00,0.000000000000000000e+00,0.000000000000000000e+00,1.012282265017625492e-02,0.000000000000000000e+00,0.000000000000000000e+00,0.000000000000000000e+00,0.000000000000000000e+00,0.000000000000000000e+00,0.000000000000000000e+00,0.000000000000000000e+00,0.000000000000000000e+00,0.000000000000000000e+00,3.101608464772228832e-02,3.275666933406566617e-02,3.850950520194995619e-02,0.000000000000000000e+00,0.000000000000000000e+00,0.000000000000000000e+00,0.000000000000000000e+00
0.000000000000000000e+00,0.000000000000000000e+00,0.000000000000000000e+00,0.000000000000000000e+00,0.000000000000000000e+00,0.000000000000000000e+00,0.000000000000000000e+00,0.000000000000000000e+00,3.273051550386754660e-02,0.000000000000000000e+00,0.000000000000000000e+00,0.000000000000000000e+00,1.119582602878366195e-01,0.000000000000000000e+00,4.069027814733273962e-02,5.663716897485512186e-02,1.371132915165386261e-02,1.596985241593100457e-02,0.000000000000000000e+00,0.000000000000000000e+00,2.515646695002480837e-01,0.000000000000000000e+00,2.205364714426394368e-03,6.186555041450562432e-03,0.000000000000000000e+00,0.000000000000000000e+00,0.000000000000000000e+00,0.000000000000000000e+00
0.000000000000000000e+00,2.513289469854980418e-02,0.000000000000000000e+00,0.000000000000000000e+00,1.621110256251730923e-04,4.298438026502936216e-02,0.000000000000000000e+00,0.000000000000000000e+00,0.000000000000000000e+00,0.000000000000000000e+00,0.000000000000000000e+00,0.000000000000000000e+00,2.401368312032527152e-02,0.000000000000000000e+00,0.000000000000000000e+00,0.000000000000000000e+00,0.000000000000000000e+00,0.000000000000000000e+00,0.000000000000000000e+00,1.528801244753444089e-01,5.055302581311524324e-03,0.000000000000000000e+00,4.937916463567101899e-02,0.000000000000000000e+00,0.000000000000000000e+00,0.000000000000000000e+00,0.000000000000000000e+00,0.000000000000000000e+00
0.000000000000000000e+00,0.000000000000000000e+00,1.812230573680426692e-03,8.948554261060673786e-04,0.000000000000000000e+00,0.000000000000000000e+00,0.000000000000000000e+00,1.396750921864340494e-03,0.000000000000000000e+00,0.000000000000000000e+00,3.156198371503285524e-04,0.000000000000000000e+00,6.041416091544447864e-02,0.000000000000000000e+00,2.901463884584001840e-02,5.757625175279940805e-02,0.000000000000000000e+00,0.000000000000000000e+00,0.000000000000000000e+00,0.000000000000000000e+00,1.681907631877473663e-01,0.000000000000000000e+00,6.720209721636020679e-04,2.469626200421248872e-04,0.000000000000000000e+00,0.000000000000000000e+00,0.000000000000000000e+00,0.000000000000000000e+00
2.831092836905619572e-04,4.756009401645409224e-02,0.000000000000000000e+00,5.145688299523606263e-03,7.509437787600820036e-02,0.000000000000000000e+00,0.000000000000000000e+00,0.000000000000000000e+00,0.000000000000000000e+00,0.000000000000000000e+00,0.000000000000000000e+00,0.000000000000000000e+00,0.000000000000000000e+00,0.000000000000000000e+00,3.827733263757034706e-03,3.673076270108355940e-02,1.479605327420052685e-02,0.000000000000000000e+00,1.176511983340147172e-01,5.393385825338988665e-03,5.636764702880308481e-03,1.315194176290372273e-03,2.392504895529696737e-02,1.614928066502926550e-04,0.000000000000000000e+00,0.000000000000000000e+00,0.000000000000000000e+00,0.000000000000000000e+00
4.444636692154202429e-02,0.000000000000000000e+00,0.000000000000000000e+00,5.213523184833033716e-03,3.435598784468989978e-03,1.770790309499739156e-03,1.961422304350636872e-02,1.773470916777054873e-02,0.000000000000000000e+00,3.472956709445985946e-02,0.000000000000000000e+00,0.000000000000000000e+00,0.000000000000000000e+00,0.000000000000000000e+00,0.000000000000000000e+00,0.000000000000000000e+00,5.026703382218875027e-03,0.000000000000000000e+00,0.000000000000000000e+00,7.614142909572844953e-02,5.702781083132307978e-03,2.190681581040420951e-03,2.690051063883947338e-02,1.916207338649931514e-03,0.000000000000000000e+00,0.000000000000000000e+00,0.000000000000000000e+00,0.000000000000000000e+00
1.017725343097573149e-01,0.000000000000000000e+00,9.773738627657146873e-04,5.988909662636876519e-03,0.000000000000000000e+00,3.403702342580481113e-03,0.000000000000000000e+00,1.337630455362454149e-03,5.004358760313277896e-06,0.000000000000000000e+00,3.678666401649612473e-04,5.433911949899133953e-02,0.000000000000000000e+00,0.000000000000000000e+00,0.000000000000000000e+00,0.000000000000000000e+00,0.000000000000000000e+00,0.000000000000000000e+00,0.000000000000000000e+00,0.000000000000000000e+00,9.036438904706012298e-03,0.000000000000000000e+00,0.000000000000000000e+00,5.178513945437209463e-03,0.000000000000000000e+00,0.000000000000000000e+00,0.000000000000000000e+00,0.000000000000000000e+00
0.000000000000000000e+00,0.000000000000000000e+00,0.000000000000000000e+00,0.000000000000000000e+00,1.456507189762450225e-03,0.000000000000000000e+00,0.000000000000000000e+00,0.000000000000000000e+00,0.000000000000000000e+00,0.000000000000000000e+00,0.000000000000000000e+00,0.000000000000000000e+00,4.991093640106683549e-02,0.000000000000000000e+00,3.193965105867772013e-03,5.334810085242132349e-02,0.000000000000000000e+00,0.000000000000000000e+00,0.000000000000000000e+00,0.000000000000000000e+00,1.330761338552388651e-01,0.000000000000000000e+00,0.000000000000000000e+00,0.000000000000000000e+00,0.000000000000000000e+00,0.000000000000000000e+00,0.000000000000000000e+00,0.000000000000000000e+00
1.429003049345222397e-02,1.439820526354849322e-03,7.814792690622395302e-03,0.000000000000000000e+00,0.000000000000000000e+00,0.000000000000000000e+00,6.536639452369940456e-03,6.517818943088575859e-03,3.630872271382551419e-02,0.000000000000000000e+00,1.809412360516090765e-03,8.360752145649854097e-03,0.000000000000000000e+00,5.020934880501571294e-03,0.000000000000000000e+00,1.327641517390124037e-01,4.724168576635664942e-04,3.633770137982645851e-03,2.583050991623814241e-03,1.603958646058761123e-02,0.000000000000000000e+00,0.000000000000000000e+00,2.889537198424634717e-02,0.000000000000000000e+00,0.000000000000000000e+00,0.000000000000000000e+00,0.000000000000000000e+00,0.000000000000000000e+00
1.661642151320849581e-02,0.000000000000000000e+00,0.000000000000000000e+00,4.031376980281260736e-02,1.729732005363079222e-03,1.309121512407012029e-02,6.962777338540058038e-04,0.000000000000000000e+00,0.000000000000000000e+00,0.000000000000000000e+00,0.000000000000000000e+00,8.223794995103816952e-02,0.000000000000000000e+00,2.250468981520950713e-03,2.952061575216495385e-04,1.253081495659594258e-02,0.000000000000000000e+00,5.321990440977003361e-04,1.936165812721755020e-03,4.825122928473018352e-03,0.000000000000000000e+00,0.000000000000000000e+00,1.643145107501712068e-02,0.000000000000000000e+00,0.000000000000000000e+00,0.000000000000000000e+00,0.000000000000000000e+00,0.000000000000000000e+00
0.000000000000000000e+00,4.667764280204043936e-02,0.000000000000000000e+00,8.352360004498509283e-04,7.389642335869395229e-02,0.000000000000000000e+00,0.000000000000000000e+00,0.000000000000000000e+00,0.000000000000000000e+00,0.000000000000000000e+00,0.000000000000000000e+00,0.000000000000000000e+00,9.526154164562442451e-04,0.000000000000000000e+00,2.692536096814452436e-03,1.936286332108421229e-02,1.175598706912522363e-02,0.000000000000000000e+00,9.863509113330662381e-02,3.988137762274816291e-03,7.137108292241432089e-03,2.072538849295934866e-03,1.789001428464837701e-02,6.437119890149252312e-04,0.000000000000000000e+00,0.000000000000000000e+00,0.000000000000000000e+00,0.000000000000000000e+00
2.753547068620747825e-03,1.114307752905526047e-03,8.316343998894284691e-04,3.956083806313184944e-04,4.239679506360520891e-03,0.000000000000000000e+00,3.091180392581985379e-03,9.007372862026579059e-04,8.960238976006813056e-04,0.000000000000000000e+00,3.957793078900847584e-04,6.035666642717890489e-03,0.000000000000000000e+00,0.000000000000000000e+00,1.878311110328434452e-03,0.000000000000000000e+00,0.000000000000000000e+00,0.000000000000000000e+00,0.000000000000000000e+00,2.797470605996780785e-03,6.605227529717396656e-03,0.000000000000000000e+00,7.184579976954852398e-02,0.000000000000000000e+00,0.000000000000000000e+00,0.000000000000000000e+00,0.000000000000000000e+00,0.000000000000000000e+00
5.143535347161644128e-04,0.000000000000000000e+00,0.000000000000000000e+00,2.173944367201252961e-02,1.826561132395538743e-03,0.000000000000000000e+00,0.000000000000000000e+00,0.000000000000000000e+00,0.000000000000000000e+00,0.000000000000000000e+00,0.000000000000000000e+00,0.000000000000000000e+00,0.000000000000000000e+00,0.000000000000000000e+00,0.000000000000000000e+00,0.000000000000000000e+00,2.544081790344064620e-04,0.000000000000000000e+00,0.000000000000000000e+00,0.000000000000000000e+00,0.000000000000000000e+00,8.290925271776672378e-02,2.712780116620059842e-02,2.197231523686666577e-01,0.000000000000000000e+00,0.000000000000000000e+00,0.000000000000000000e+00,0.000000000000000000e+00
2.106977392189065754e-02,0.000000000000000000e+00,0.000000000000000000e+00,4.908095227261170118e-02,0.000000000000000000e+00,0.000000000000000000e+00,0.000000000000000000e+00,0.000000000000000000e+00,0.000000000000000000e+00,0.000000000000000000e+00,0.000000000000000000e+00,4.238057065158809707e-03,0.000000000000000000e+00,0.000000000000000000e+00,0.000000000000000000e+00,0.000000000000000000e+00,0.000000000000000000e+00,0.000000000000000000e+00,0.000000000000000000e+00,0.000000000000000000e+00,0.000000000000000000e+00,9.171795415711621324e-03,1.886306060839649731e-02,2.320690295219316260e-02,0.000000000000000000e+00,0.000000000000000000e+00,0.000000000000000000e+00,0.000000000000000000e+00
2.191527298105115217e-03,3.955614935357084846e-03,1.565307500563407894e-02,0.000000000000000000e+00,5.303593932507648032e-03,0.000000000000000000e+00,8.472036114885603264e-03,5.203486091243636133e-03,1.437773305490787530e-02,0.000000000000000000e+00,6.054202008748532779e-04,0.000000000000000000e+00,0.000000000000000000e+00,1.171106237355692276e-02,0.000000000000000000e+00,9.119428576120185148e-02,1.825061660033183274e-03,3.983729407639641749e-03,3.834844200285177085e-02,1.092548457973163516e-02,1.117408862325686147e-02,0.000000000000000000e+00,1.719064387427496343e-02,0.000000000000000000e+00,0.000000000000000000e+00,0.000000000000000000e+00,0.000000000000000000e+00,0.000000000000000000e+00
3.334312171609228603e-02,0.000000000000000000e+00,0.000000000000000000e+00,4.461770425417017037e-03,0.000000000000000000e+00,0.000000000000000000e+00,1.920438942595820847e-02,1.995170954107723660e-02,0.000000000000000000e+00,3.451945591231038446e-02,0.000000000000000000e+00,1.290680498862332298e-03,0.000000000000000000e+00,0.000000000000000000e+00,0.000000000000000000e+00,0.000000000000000000e+00,0.000000000000000000e+00,0.000000000000000000e+00,0.000000000000000000e+00,5.755965824782665469e-02,6.352547491141524207e-03,3.408647467523064859e-03,2.061205470687883443e-02,2.315778601150407338e-03,0.000000000000000000e+00,0.000000000000000000e+00,0.000000000000000000e+00,0.000000000000000000e+00
2.462387066707675404e-02,0.000000000000000000e+00,0.000000000000000000e+00,0.000000000000000000e+00,0.000000000000000000e+00,1.711282163541501811e-01,0.000000000000000000e+00,0.000000000000000000e+00,0.000000000000000000e+00,1.506284211204142985e-02,0.000000000000000000e+00,0.000000000000000000e+00,8.539091178106250624e-03,0.000000000000000000e+00,0.000000000000000000e+00,0.000000000000000000e+00,3.181483088408156717e-02,0.000000000000000000e+00,4.143158491530943635e-03,0.000000000000000000e+00,0.000000000000000000e+00,4.245990274681932936e-02,0.000000000000000000e+00,0.000000000000000000e+00,0.000000000000000000e+00,0.000000000000000000e+00,0.000000000000000000e+00,0.000000000000000000e+00
0.000000000000000000e+00,4.800833739162225361e-02,0.000000000000000000e+00,0.000000000000000000e+00,0.000000000000000000e+00,1.714557417560401073e-02,0.000000000000000000e+00,5.148511587911209879e-03,3.043339205068353731e-03,0.000000000000000000e+00,5.856508416662682074e-04,0.000000000000000000e+00,1.574560866084707134e-01,0.000000000000000000e+00,1.373996381093518619e-02,2.550263114739849749e-02,0.000000000000000000e+00,0.000000000000000000e+00,0.000000000000000000e+00,3.181878793327509725e-02,1.066220766334300199e-02,4.687049003093947072e-04,0.000000000000000000e+00,5.612389853892209941e-04,0.000000000000000000e+00,0.000000000000000000e+00,0.000000000000000000e+00,0.000000000000000000e+00
0.000000000000000000e+00,0.000000000000000000e+00,7.760156434135544396e-04,1.174784101175159468e-02,0.000000000000000000e+00,0.000000000000000000e+00,0.000000000000000000e+00,1.081590610016732335e-03,0.000000000000000000e+00,0.000000000000000000e+00,4.709274818120462599e-04,0.000000000000000000e+00,0.000000000000000000e+00,0.000000000000000000e+00,0.000000000000000000e+00,0.000000000000000000e+00,0.000000000000000000e+00,0.000000000000000000e+00,0.000000000000000000e+00,0.000000000000000000e+00,4.189842014146200749e-04,7.913063322134093400e-03,4.136632180587476032e-02,3.284560666221963271e-02,0.000000000000000000e+00,0.000000000000000000e+00,0.000000000000000000e+00,0.000000000000000000e+00
0.000000000000000000e+00,0.000000000000000000e+00,0.000000000000000000e+00,0.000000000000000000e+00,0.000000000000000000e+00,1.718000598178670568e-01,0.000000000000000000e+00,0.000000000000000000e+00,0.000000000000000000e+00,4.746997436174640178e-02,0.000000000000000000e+00,0.000000000000000000e+00,2.528415597439244347e-03,0.000000000000000000e+00,0.000000000000000000e+00,0.000000000000000000e+00,1.068038505602415256e-01,0.000000000000000000e+00,6.661673256902698067e-08,0.000000000000000000e+00,0.000000000000000000e+00,4.127777655735713480e-02,0.000000000000000000e+00,0.000000000000000000e+00,0.000000000000000000e+00,0.000000000000000000e+00,0.000000000000000000e+00,0.000000000000000000e+00
7.316210411962567432e-03,0.000000000000000000e+00,0.000000000000000000e+00,6.069599805967707679e-03,0.000000000000000000e+00,0.000000000000000000e+00,6.327502595420117547e-04,1.026761407299360725e-02,0.000000000000000000e+00,4.078948884334612258e-03,3.876548493332978912e-04,0.000000000000000000e+00,0.000000000000000000e+00,0.000000000000000000e+00,0.000000000000000000e+00,0.000000000000000000e+00,0.000000000000000000e+00,0.000000000000000000e+00,0.000000000000000000e+00,1.634431545431331081e-02,1.158725791714616989e-02,0.000000000000000000e+00,5.064019308127658964e-02,0.000000000000000000e+00,0.000000000000000000e+00,0.000000000000000000e+00,0.000000000000000000e+00,0.000000000000000000e+00
0.000000000000000000e+00,2.741000789634545978e-02,0.000000000000000000e+00,0.000000000000000000e+00,2.589631093437718724e-03,4.540132069659157804e-02,0.000000000000000000e+00,0.000000000000000000e+00,0.000000000000000000e+00,0.000000000000000000e+00,0.000000000000000000e+00,0.000000000000000000e+00,2.141965039375464189e-02,0.000000000000000000e+00,6.291594162087018737e-05,0.000000000000000000e+00,0.000000000000000000e+00,0.000000000000000000e+00,0.000000000000000000e+00,1.433328745454953701e-01,0.000000000000000000e+00,5.907217700060843774e-05,5.402968373058696094e-04,0.000000000000000000e+00,0.000000000000000000e+00,0.000000000000000000e+00,0.000000000000000000e+00,0.000000000000000000e+00
2.054483166652871801e-03,0.000000000000000000e+00,0.000000000000000000e+00,2.101274823167032565e-03,3.514060388073612928e-02,0.000000000000000000e+00,0.000000000000000000e+00,0.000000000000000000e+00,5.673338357878997262e-02,0.000000000000000000e+00,0.000000000000000000e+00,1.420529193285970798e-03,0.000000000000000000e+00,3.347557447206367387e-02,7.483937440738544153e-03,2.626179249916579805e-02,3.617413854047152322e-02,0.000000000000000000e+00,8.721704053392826880e-03,2.201714155007665572e-03,6.964909878058661401e-03,3.449431611121273359e-04,4.715250060733416817e-04,0.000000000000000000e+00,0.000000000000000000e+00,0.000000000000000000e+00,0.000000000000000000e+00,0.000000000000000000e+00
7.773617541547788411e-04,3.320028703211175269e-02,0.000000000000000000e+00,5.138919061282033306e-04,0.000000000000000000e+00,0.000000000000000000e+00,3.180672768908302753e-03,3.140916555532834251e-03,2.194741126866110378e-02,1.761704591496089092e-03,9.866571240022840774e-04,1.526214321354825605e-02,1.057206017633377602e-03,0.000000000000000000e+00,8.563512128216797109e-03,4.577994499408346435e-02,0.000000000000000000e+00,0.000000000000000000e+00,3.932654915708803239e-02,1.062592409798637089e-02,2.025131825730948788e-03,0.000000000000000000e+00,1.268370723723671704e-02,0.000000000000000000e+00,0.000000000000000000e+00,0.000000000000000000e+00,0.000000000000000000e+00,0.000000000000000000e+00
1.105439469312934422e-02,0.000000000000000000e+00,0.000000000000000000e+00,0.000000000000000000e+00,6.906240650282988169e-02,0.000000000000000000e+00,6.424517569976384481e-04,0.000000000000000000e+00,0.000000000000000000e+00,1.021126461551501250e-03,1.366855674780261985e-03,0.000000000000000000e+00,1.870996325421501365e-03,3.235075597425720456e-02,4.386738815314595620e-03,0.000000000000000000e+00,1.168256799306761906e-01,0.000000000000000000e+00,0.000000000000000000e+00,7.200927970613652147e-03,5.244264034926848957e-03,0.000000000000000000e+00,7.907776036511533638e-04,0.000000000000000000e+00,0.000000000000000000e+00,0.000000000000000000e+00,0.000000000000000000e+00,0.000000000000000000e+00
1.053140992014131800e-03,0.000000000000000000e+00,0.000000000000000000e+00,0.000000000000000000e+00,0.000000000000000000e+00,0.000000000000000000e+00,0.000000000000000000e+00,8.061630664748236513e-05,0.000000000000000000e+00,1.226881287369052557e-05,0.000000000000000000e+00,5.856746391876762074e-04,2.151403753014503525e-02,0.000000000000000000e+00,6.025648837198426672e-03,4.080922544056955759e-02,0.000000000000000000e+00,0.000000000000000000e+00,0.000000000000000000e+00,0.000000000000000000e+00,7.856041934116306247e-02,0.000000000000000000e+00,0.000000000000000000e+00,0.000000000000000000e+00,0.000000000000000000e+00,0.000000000000000000e+00,0.000000000000000000e+00,0.000000000000000000e+00
8.615717195249875462e-03,0.000000000000000000e+00,0.000000000000000000e+00,7.881370013309248190e-03,0.000000000000000000e+00,5.264526758335438990e-03,0.000000000000000000e+00,0.000000000000000000e+00,0.000000000000000000e+00,0.000000000000000000e+00,0.000000000000000000e+00,0.000000000000000000e+00,0.000000000000000000e+00,0.000000000000000000e+00,0.000000000000000000e+00,0.000000000000000000e+00,0.000000000000000000e+00,0.000000000000000000e+00,0.000000000000000000e+00,0.000000000000000000e+00,0.000000000000000000e+00,2.773490717703674599e-02,1.772506506970538201e-02,3.478463961540178423e-02,0.000000000000000000e+00,0.000000000000000000e+00,0.000000000000000000e+00,0.000000000000000000e+00
7.844326385971107929e-03,5.772000248925522424e-05,0.000000000000000000e+00,1.521866386817604397e-03,2.356370313651782490e-03,3.743493852592607760e-05,0.000000000000000000e+00,0.000000000000000000e+00,6.585763360513619512e-03,0.000000000000000000e+00,1.482520535369419724e-04,0.000000000000000000e+00,0.000000000000000000e+00,0.000000000000000000e+00,0.000000000000000000e+00,2.279454950662342452e-02,1.807821421872832929e-02,2.024482491879588467e-03,2.593995393305431607e-02,2.258957897774159507e-02,2.308683820435418563e-03,0.000000000000000000e+00,1.188648247032529463e-02,3.520248823264336387e-04,0.000000000000000000e+00,0.000000000000000000e+00,0.000000000000000000e+00,0.000000000000000000e+00
0.000000000000000000e+00,2.507410963062601736e-02,0.000000000000000000e+00,0.000000000000000000e+00,5.294890962542964097e-02,0.000000000000000000e+00,0.000000000000000000e+00,0.000000000000000000e+00,0.000000000000000000e+00,0.000000000000000000e+00,0.000000000000000000e+00,0.000000000000000000e+00,1.603237875998811011e-03,0.000000000000000000e+00,0.000000000000000000e+00,2.634187464943174226e-02,1.388343743902779523e-02,0.000000000000000000e+00,1.266129060575506005e-01,5.370434699300907864e-04,0.000000000000000000e+00,0.000000000000000000e+00,0.000000000000000000e+00,0.000000000000000000e+00,0.000000000000000000e+00,0.000000000000000000e+00,0.000000000000000000e+00,0.000000000000000000e+00
2.681627679226741487e-02,0.000000000000000000e+00,0.000000000000000000e+00,4.377260425152820073e-02,0.000000000000000000e+00,0.000000000000000000e+00,0.000000000000000000e+00,0.000000000000000000e+00,0.000000000000000000e+00,4.373179304221299127e-04,0.000000000000000000e+00,1.374714427472524363e-02,0.000000000000000000e+00,0.000000000000000000e+00,2.465781091041788263e-04,1.057871322341632440e-04,0.000000000000000000e+00,0.000000000000000000e+00,0.000000000000000000e+00,0.000000000000000000e+00,0.000000000000000000e+00,2.202619812615746239e-03,6.135204573174611077e-03,3.657906492503216860e-03,0.000000000000000000e+00,0.000000000000000000e+00,0.000000000000000000e+00,0.000000000000000000e+00
0.000000000000000000e+00,2.939556640314476554e-02,0.000000000000000000e+00,0.000000000000000000e+00,2.484673771831975245e-03,4.486880166411723325e-02,0.000000000000000000e+00,0.000000000000000000e+00,0.000000000000000000e+00,0.000000000000000000e+00,0.000000000000000000e+00,0.000000000000000000e+00,2.195411096322434294e-02,0.000000000000000000e+00,0.000000000000000000e+00,0.000000000000000000e+00,0.000000000000000000e+00,0.000000000000000000e+00,0.000000000000000000e+00,1.280015097802475188e-01,0.000000000000000000e+00,0.000000000000000000e+00,0.000000000000000000e+00,0.000000000000000000e+00,0.000000000000000000e+00,0.000000000000000000e+00,0.000000000000000000e+00,0.000000000000000000e+00
2.463260485165646042e-03,0.000000000000000000e+00,0.000000000000000000e+00,2.956233358640153984e-03,0.000000000000000000e+00,0.000000000000000000e+00,1.276071617311016690e-03,8.568007206826908778e-03,0.000000000000000000e+00,4.078207919248439013e-03,6.975994458281335525e-05,0.000000000000000000e+00,0.000000000000000000e+00,0.000000000000000000e+00,0.000000000000000000e+00,0.000000000000000000e+00,0.000000000000000000e+00,0.000000000000000000e+00,0.000000000000000000e+00,1.443959075301526687e-02,1.021049132306085967e-02,0.000000000000000000e+00,4.380161052666819294e-02,0.000000000000000000e+00,0.000000000000000000e+00,0.000000000000000000e+00,0.000000000000000000e+00,0.000000000000000000e+00
4.267607362280332120e-03,1.517748433291670439e-02,1.627802528957881384e-02,0.000000000000000000e+00,8.802543930445725154e-03,0.000000000000000000e+00,6.364467968304885447e-03,4.172252146274508557e-03,9.573928008541504955e-03,4.030662227432761278e-04,1.069698718286635469e-03,0.000000000000000000e+00,0.000000000000000000e+00,8.918528578699402853e-03,0.000000000000000000e+00,5.885881031092070337e-02,0.000000000000000000e+00,0.000000000000000000e+00,3.224797634755192932e-02,1.870458280421176704e-04,3.396051748277826611e-03,0.000000000000000000e+00,1.233595551302719626e-02,0.000000000000000000e+00,0.000000000000000000e+00,0.000000000000000000e+00,0.000000000000000000e+00,0.000000000000000000e+00
0.000000000000000000e+00,0.000000000000000000e+00,0.000000000000000000e+00,2.579637212400729893e-03,3.374298435243539007e-02,0.000000000000000000e+00,0.000000000000000000e+00,0.000000000000000000e+00,5.137597839470509770e-02,0.000000000000000000e+00,0.000000000000000000e+00,1.198522711672945823e-04,7.863660345914241659e-04,3.246438680060260984e-02,4.311739938802468253e-03,1.835635193498104042e-02,3.528811748588478459e-02,8.584884184315632401e-05,6.959397261738905702e-03,1.414137193787887202e-03,7.527229327223269179e-03,2.752170330870576343e-04,0.000000000000000000e+00,0.000000000000000000e+00,0.000000000000000000e+00,0.000000000000000000e+00,0.000000000000000000e+00,0.000000000000000000e+00
1.072458509223806269e-02,0.000000000000000000e+00,0.000000000000000000e+00,2.734586281856921444e-02,1.442281385929701292e-03,1.475684304548370400e-02,1.020131743371402271e-03,0.000000000000000000e+00,0.000000000000000000e+00,1.579499378870516607e-04,1.241410599654535311e-04,6.016339381760585359e-02,0.000000000000000000e+00,2.560186145936577812e-03,5.815320001953757810e-05,1.019454578603086990e-02,0.000000000000000000e+00,9.705370414027677649e-04,2.092585510571352662e-03,3.734397450963671330e-03,0.000000000000000000e+00,0.000000000000000000e+00,1.526191623135438958e-03,0.000000000000000000e+00,0.000000000000000000e+00,0.000000000000000000e+00,0.000000000000000000e+00,0.000000000000000000e+00
1.016924394398345012e-02,0.000000000000000000e+00,0.000000000000000000e+00,0.000000000000000000e+00,0.000000000000000000e+00,0.000000000000000000e+00,1.226712085742609492e-04,0.000000000000000000e+00,0.000000000000000000e+00,1.101180585669906233e-03,0.000000000000000000e+00,7.811710466856408054e-04,0.000000000000000000e+00,0.000000000000000000e+00,0.000000000000000000e+00,2.862342676415422990e-02,8.046306781527691118e-03,0.000000000000000000e+00,0.000000000000000000e+00,1.492433600903973756e-02,0.000000000000000000e+00,0.000000000000000000e+00,3.398872355453746996e-02,0.000000000000000000e+00,0.000000000000000000e+00,0.000000000000000000e+00,0.000000000000000000e+00,0.000000000000000000e+00
0.000000000000000000e+00,0.000000000000000000e+00,0.000000000000000000e+00,1.938555254624562199e-02,1.427855687711892044e-02,1.300336903348149609e-02,0.000000000000000000e+00,0.000000000000000000e+00,0.000000000000000000e+00,1.208099488343362731e-03,0.000000000000000000e+00,6.799574106790175730e-03,0.000000000000000000e+00,0.000000000000000000e+00,0.000000000000000000e+00,0.000000000000000000e+00,2.457713855321203533e-06,5.077210047970148223e-04,0.000000000000000000e+00,7.172487366936913106e-03,0.000000000000000000e+00,6.781843214552974418e-03,2.105864825307766225e-02,1.624568307027005878e-03,0.000000000000000000e+00,0.000000000000000000e+00,0.000000000000000000e+00,0.000000000000000000e+00
2.726793236110405111e-02,4.548527356951223045e-03,3.155359471934442855e-03,0.000000000000000000e+00,5.481378206181989308e-03,5.613437208794608974e-03,2.123518624365262203e-04,0.000000000000000000e+00,0.000000000000000000e+00,1.418927004766001995e-03,4.490526293077352319e-04,1.374423530264245845e-02,0.000000000000000000e+00,0.000000000000000000e+00,0.000000000000000000e+00,1.270530500476582496e-02,5.335444721556191483e-03,0.000000000000000000e+00,3.764016985740775700e-03,1.154124889754153983e-02,0.000000000000000000e+00,1.687440096390979466e-04,6.824311722258295278e-03,2.288287536190438906e-04,0.000000000000000000e+00,0.000000000000000000e+00,0.000000000000000000e+00,0.000000000000000000e+00
0.000000000000000000e+00,2.875287051420911608e-02,4.123821576153897939e-02,0.000000000000000000e+00,4.601560399995659190e-02,7.067767122495542545e-04,5.607002789345725755e-03,8.094572995681260930e-03,7.622482543192276618e-03,0.000000000000000000e+00,3.674778502975889743e-03,0.000000000000000000e+00,6.218252246111051094e-04,4.580491492048757024e-02,0.000000000000000000e+00,1.687158148026612686e-04,0.000000000000000000e+00,0.000000000000000000e+00,3.230126404917932348e-02,2.959125417912108081e-03,0.000000000000000000e+00,2.803894200493128527e-04,0.000000000000000000e+00,0.000000000000000000e+00,0.000000000000000000e+00,0.000000000000000000e+00,0.000000000000000000e+00,0.000000000000000000e+00
4.996586918065244395e-03,0.000000000000000000e+00,3.958808423331670683e-04,2.359354446132412835e-03,6.216541792953260035e-04,0.000000000000000000e+00,2.635665270044135634e-03,0.000000000000000000e+00,5.737926995271858815e-03,0.000000000000000000e+00,7.898169594507210628e-04,1.642812869281817106e-02,0.000000000000000000e+00,0.000000000000000000e+00,0.000000000000000000e+00,1.692353019769590738e-02,5.526933663670697758e-03,0.000000000000000000e+00,1.007346255242478087e-03,2.264174528204375078e-02,0.000000000000000000e+00,0.000000000000000000e+00,1.685340026671325667e-02,0.000000000000000000e+00,0.000000000000000000e+00,0.000000000000000000e+00,0.000000000000000000e+00,0.000000000000000000e+00
0.000000000000000000e+00,3.179049531381381694e-04,0.000000000000000000e+00,4.779704664961588467e-03,0.000000000000000000e+00,0.000000000000000000e+00,0.000000000000000000e+00,0.000000000000000000e+00,0.000000000000000000e+00,0.000000000000000000e+00,0.000000000000000000e+00,0.000000000000000000e+00,0.000000000000000000e+00,0.000000000000000000e+00,0.000000000000000000e+00,0.000000000000000000e+00,0.000000000000000000e+00,0.000000000000000000e+00,0.000000000000000000e+00,0.000000000000000000e+00,1.945266591553740420e-03,0.000000000000000000e+00,3.950864903153956942e-02,1.384497954449322686e-03,0.000000000000000000e+00,0.000000000000000000e+00,0.000000000000000000e+00,0.000000000000000000e+00
0.000000000000000000e+00,1.123200950550640176e-02,1.871903810415495237e-02,1.393071629612339934e-02,4.651696819839667291e-02,4.181707785728626912e-03,0.000000000000000000e+00,2.433798477198272255e-03,0.000000000000000000e+00,0.000000000000000000e+00,1.581983777753420825e-03,1.483193105304139812e-03,0.000000000000000000e+00,2.200952456563648116e-02,0.000000000000000000e+00,0.000000000000000000e+00,0.000000000000000000e+00,3.859992624500471758e-03,6.244679570194180442e-03,1.088273029360574407e-02,0.000000000000000000e+00,1.097802075426719927e-03,0.000000000000000000e+00,3.442231915691713450e-03,0.000000000000000000e+00,0.000000000000000000e+00,0.000000000000000000e+00,0.000000000000000000e+00
6.453584050855736345e-03,7.390725994264921812e-04,0.000000000000000000e+00,6.050250035337546303e-05,2.948961880497604458e-03,3.779519997138512666e-03,1.492666993546608485e-02,1.972053481115488421e-02,0.000000000000000000e+00,3.404039172530925333e-02,0.000000000000000000e+00,0.000000000000000000e+00,0.000000000000000000e+00,0.000000000000000000e+00,0.000000000000000000e+00,0.000000000000000000e+00,0.000000000000000000e+00,0.000000000000000000e+00,0.000000000000000000e+00,6.043777613900951085e-02,3.668340280169107934e-03,0.000000000000000000e+00,5.963795937650011487e-03,0.000000000000000000e+00,0.000000000000000000e+00,0.000000000000000000e+00,0.000000000000000000e+00,0.000000000000000000e+00
0.000000000000000000e+00,2.222161038006624165e-02,0.000000000000000000e+00,0.000000000000000000e+00,5.890372012399596596e-02,0.000000000000000000e+00,0.000000000000000000e+00,0.000000000000000000e+00,0.000000000000000000e+00,0.000000000000000000e+00,0.000000000000000000e+00,0.000000000000000000e+00,2.124764810056784144e-03,0.000000000000000000e+00,0.000000000000000000e+00,1.539125874746373294e-02,1.292493193826936559e-02,0.000000000000000000e+00,1.055353502658700898e-01,1.950460059548374259e-03,0.000000000000000000e+00,0.000000000000000000e+00,0.000000000000000000e+00,0.000000000000000000e+00,0.000000000000000000e+00,0.000000000000000000e+00,0.000000000000000000e+00,0.000000000000000000e+00
0.000000000000000000e+00,0.000000000000000000e+00,0.000000000000000000e+00,0.000000000000000000e+00,0.000000000000000000e+00,0.000000000000000000e+00,0.000000000000000000e+00,0.000000000000000000e+00,3.084084965129363365e-02,0.000000000000000000e+00,0.000000000000000000e+00,0.000000000000000000e+00,0.000000000000000000e+00,5.112030413061283141e-03,6.614085633789702594e-04,1.934667180647317575e-01,1.280426010702650878e-02,0.000000000000000000e+00,0.000000000000000000e+00,1.854134008065417422e-02,0.000000000000000000e+00,0.000000000000000000e+00,1.734037088671171525e-02,0.000000000000000000e+00,0.000000000000000000e+00,0.000000000000000000e+00,0.000000000000000000e+00,0.000000000000000000e+00
3.336845969237047568e-03,0.000000000000000000e+00,0.000000000000000000e+00,2.575859396312158876e-04,4.544018284093743337e-02,6.031934087857610156e-03,1.569978812815331620e-03,0.000000000000000000e+00,0.000000000000000000e+00,9.056312138976251470e-04,0.000000000000000000e+00,1.618248428863972412e-03,3.346498035585611115e-03,3.171813983957046806e-02,2.608157398097412857e-02,0.000000000000000000e+00,7.720289141331752869e-02,0.000000000000000000e+00,0.000000000000000000e+00,0.000000000000000000e+00,2.876630030427054785e-03,0.000000000000000000e+00,2.951179844552966470e-04,0.000000000000000000e+00,0.000000000000000000e+00,0.000000000000000000e+00,0.000000000000000000e+00,0.000000000000000000e+00
0.000000000000000000e+00,0.000000000000000000e+00,0.000000000000000000e+00,0.000000000000000000e+00,0.000000000000000000e+00,0.000000000000000000e+00,0.000000000000000000e+00,2.826078496553318178e-02,0.000000000000000000e+00,0.000000000000000000e+00,0.000000000000000000e+00,0.000000000000000000e+00,0.000000000000000000e+00,0.000000000000000000e+00,0.000000000000000000e+00,0.000000000000000000e+00,3.036160569862300131e-03,3.214113266617560360e-01,0.000000000000000000e+00,1.050877378715821698e-03,2.804202151318085662e-03,2.057035802438194477e-03,2.019313820843158646e-03,1.946483850729285999e-03,0.000000000000000000e+00,0.000000000000000000e+00,0.000000000000000000e+00,0.000000000000000000e+00
0.000000000000000000e+00,7.374858472708481169e-05,0.000000000000000000e+00,0.000000000000000000e+00,0.000000000000000000e+00,0.000000000000000000e+00,0.000000000000000000e+00,1.832954314176555568e-03,1.782850637875991713e-03,0.000000000000000000e+00,5.865627383909788935e-04,0.000000000000000000e+00,0.000000000000000000e+00,0.000000000000000000e+00,0.000000000000000000e+00,2.525725014258805440e-02,5.374179303617943049e-03,0.000000000000000000e+00,1.893519527812319650e-02,1.015292478145654598e-02,0.000000000000000000e+00,0.000000000000000000e+00,1.345156145043833497e-02,0.000000000000000000e+00,0.000000000000000000e+00,0.000000000000000000e+00,0.000000000000000000e+00,0.000000000000000000e+00
0.000000000000000000e+00,3.963084293193554208e-02,0.000000000000000000e+00,5.424382727979842368e-03,0.000000000000000000e+00,0.000000000000000000e+00,0.000000000000000000e+00,2.292974445236324946e-03,7.133254157707889613e-03,0.000000000000000000e+00,3.123200588850433171e-04,5.977232814038756399e-03,6.150164128691047575e-05,0.000000000000000000e+00,1.997142253093912509e-03,2.944311655358632096e-02,0.000000000000000000e+00,0.000000000000000000e+00,4.367937791022130645e-02,0.000000000000000000e+00,0.000000000000000000e+00,0.000000000000000000e+00,0.000000000000000000e+00,0.000000000000000000e+00,0.000000000000000000e+00,0.000000000000000000e+00,0.000000000000000000e+00,0.000000000000000000e+00
6.844067812946420803e-03,1.926975496185216654e-03,6.634167694562321561e-03,0.000000000000000000e+00,2.022462820211924465e-03,0.000000000000000000e+00,5.485489551737732401e-03,5.119400668071038239e-03,2.915627570390429135e-02,0.000000000000000000e+00,1.195040396209843658e-03,6.769000041751584672e-03,2.577741429204048751e-03,6.370691682258958904e-03,0.000000000000000000e+00,7.853362645575458212e-02,0.000000000000000000e+00,5.423939484855869880e-03,1.160824419954347569e-02,0.000000000000000000e+00,2.628773583904094394e-03,0.000000000000000000e+00,1.762232619271485515e-03,0.000000000000000000e+00,0.000000000000000000e+00,0.000000000000000000e+00,0.000000000000000000e+00,0.000000000000000000e+00
2.846181843757823737e-02,0.000000000000000000e+00,0.000000000000000000e+00,5.366372033544778396e-03,1.253523820163188326e-03,9.971042965258073397e-04,0.000000000000000000e+00,2.606983236057130440e-04,0.000000000000000000e+00,1.531898129749265005e-04,0.000000000000000000e+00,3.124209023358469426e-03,0.000000000000000000e+00,0.000000000000000000e+00,0.000000000000000000e+00,0.000000000000000000e+00,6.712227025192432639e-03,0.000000000000000000e+00,0.000000000000000000e+00,8.132913085531198738e-03,2.312340234203012421e-03,4.559099771147399893e-03,1.204780085242819661e-02,6.253230779667700440e-03,0.000000000000000000e+00,0.000000000000000000e+00,0.000000000000000000e+00,0.000000000000000000e+00
4.774831433902852230e-03,6.110880606764556959e-04,0.000000000000000000e+00,0.000000000000000000e+00,0.000000000000000000e+00,0.000000000000000000e+00,0.000000000000000000e+00,0.000000000000000000e+00,1.026541836084389134e-02,0.000000000000000000e+00,6.362687200048881223e-04,6.455708397273796431e-03,0.000000000000000000e+00,0.000000000000000000e+00,0.000000000000000000e+00,7.145511530072148898e-02,6.695831035099705222e-04,0.000000000000000000e+00,2.465892490603634451e-03,6.691364092779607774e-03,0.000000000000000000e+00,0.000000000000000000e+00,1.380845260516295331e-02,0.000000000000000000e+00,0.000000000000000000e+00,0.000000000000000000e+00,0.000000000000000000e+00,0.000000000000000000e+00
0.000000000000000000e+00,0.000000000000000000e+00,0.000000000000000000e+00,0.000000000000000000e+00,0.000000000000000000e+00,0.000000000000000000e+00,0.000000000000000000e+00,0.000000000000000000e+00,3.220551860605840727e-02,0.000000000000000000e+00,0.000000000000000000e+00,0.000000000000000000e+00,4.846628541130242052e-02,0.000000000000000000e+00,7.635827733907606107e-03,0.000000000000000000e+00,2.272904590538366368e-02,2.128265824103705781e-02,0.000000000000000000e+00,0.000000000000000000e+00,7.870811742999392346e-02,0.000000000000000000e+00,0.000000000000000000e+00,7.239992000891241723e-03,0.000000000000000000e+00,0.000000000000000000e+00,0.000000000000000000e+00,0.000000000000000000e+00
