6.622383779205222396e-04,9.230374547842552790e-02,0.000000000000000000e+00,2.084750494487007735e-02,0.000000000000000000e+00,1.087522646156513784e-01,1.422178493538103078e-02,1.086124756384293684e-02,2.278320357421573794e-01,1.583519515505117936e-01,0.000000000000000000e+00,0.000000000000000000e+00,0.000000000000000000e+00,0.000000000000000000e+00,1.224233472307106104e-03,0.000000000000000000e+00,8.589340916790687633e-03,0.000000000000000000e+00,0.000000000000000000e+00
0.000000000000000000e+00,1.874373138189821750e-02,5.671804748311316119e-02,1.154021940787825114e-02,6.309297681602595931e-05,0.000000000000000000e+00,3.256532371411038126e-03,0.000000000000000000e+00,1.198159828264359905e-01,2.259571794692095681e-01,0.000000000000000000e+00,0.000000000000000000e+00,1.583708445406266929e-01,0.000000000000000000e+00,0.000000000000000000e+00,0.000000000000000000e+00,0.000000000000000000e+00,6.356159909000252961e-02,6.780001298302519575e-02
5.026770883097019665e-02,2.025553684278319500e-02,1.000034369058053485e-01,9.550814982205171888e-02,2.512304734703431353e-02,6.609757979602108591e-02,4.344511433023947461e-02,1.072004352835648072e-01,8.280067872096764925e-02,0.000000000000000000e+00,1.921993577756410665e-01,0.000000000000000000e+00,0.000000000000000000e+00,7.965910405125412042e-02,4.103300083304548679e-02,0.000000000000000000e+00,1.511164957349188098e-01,4.122542340876204914e-02,0.000000000000000000e+00
0.000000000000000000e+00,3.217757975549001004e-01,0.000000000000000000e+00,0.000000000000000000e+00,0.000000000000000000e+00,9.540087467012235624e-05,0.000000000000000000e+00,0.000000000000000000e+00,1.453297176447969630e-01,4.241864280194950626e-02,0.000000000000000000e+00,0.000000000000000000e+00,0.000000000000000000e+00,0.000000000000000000e+00,0.000000000000000000e+00,0.000000000000000000e+00,0.000000000000000000e+00,0.000000000000000000e+00,1.072311965965197641e-03
0.000000000000000000e+00,2.037373369908054583e-03,1.669436794602002783e-01,2.109934898713681920e-04,0.000000000000000000e+00,1.747509413292493152e-02,5.827044310426536880e-03,0.000000000000000000e+00,1.599306574571162654e-01,6.215375808495470639e-02,0.000000000000000000e+00,0.000000000000000000e+00,1.158935597559251213e-01,0.000000000000000000e+00,0.000000000000000000e+00,0.000000000000000000e+00,0.000000000000000000e+00,6.324018066170895847e-02,1.214769176708423021e-01
1.103617114855717091e-01,0.000000000000000000e+00,5.614641310969391286e-02,1.594969472057802540e-01,7.123650951148609300e-02,0.000000000000000000e+00,1.662399903555716874e-02,1.326586121251232264e-01,0.000000000000000000e+00,0.000000000000000000e+00,1.733659621697542785e-01,0.000000000000000000e+00,1.735495798827894551e-02,8.755898066495426679e-02,1.536644630845975246e-01,4.054132195199672967e-02,1.817891513353227240e-01,2.143143427352592334e-02,1.956633325793854183e-04
2.510140597644067596e-03,1.092378581688075168e-01,0.000000000000000000e+00,0.000000000000000000e+00,2.721739520378982347e-04,2.272585179321530077e-02,0.000000000000000000e+00,1.465258306307576841e-03,8.607747880527023832e-02,4.650991184130100903e-02,0.000000000000000000e+00,8.925901956235640991e-03,0.000000000000000000e+00,0.000000000000000000e+00,0.000000000000000000e+00,0.000000000000000000e+00,0.000000000000000000e+00,0.000000000000000000e+00,0.000000000000000000e+00
0.000000000000000000e+00,3.241107497642992802e-02,0.000000000000000000e+00,0.000000000000000000e+00,0.000000000000000000e+00,2.580522883326989009e-02,0.000000000000000000e+00,0.000000000000000000e+00,8.078688263191837566e-04,2.139773650267061122e-01,0.000000000000000000e+00,0.000000000000000000e+00,0.000000000000000000e+00,0.000000000000000000e+00,0.000000000000000000e+00,0.000000000000000000e+00,4.258423807430768843e-03,0.000000000000000000e+00,7.086514701665412542e-04
1.474626555530690608e-01,6.124973233149866303e-03,1.303660961104765315e-01,0.000000000000000000e+00,2.846293368219487974e-01,1.692641943569434815e-01,3.032638010103174200e-02,9.588082727952631709e-03,4.768260841275153566e-03,0.000000000000000000e+00,0.000000000000000000e+00,1.265865759173794847e-01,1.203501863282967627e-01,2.554390761660408904e-01,5.632637580132004995e-02,9.622341820750347774e-02,0.000000000000000000e+00,6.312313096790922451e-02,1.132553911817781589e-01
0.000000000000000000e+00,4.236379813179262828e-03,0.000000000000000000e+00,1.066464463327322781e-01,3.267540781674056760e-02,6.279067723241847643e-02,2.993786267789916855e-01,2.140705935334919971e-02,0.000000000000000000e+00,0.000000000000000000e+00,0.000000000000000000e+00,0.000000000000000000e+00,6.539539008504312301e-02,0.000000000000000000e+00,0.000000000000000000e+00,0.000000000000000000e+00,0.000000000000000000e+00,7.152431312384396889e-02,3.244829527483402299e-03
5.151848221923542581e-02,1.068935321507768756e-04,5.461590010057546657e-02,1.067614029350879012e-01,4.893663330443387416e-02,3.377253443793305364e-04,1.990518389415516301e-02,9.911750232517908821e-02,0.000000000000000000e+00,0.000000000000000000e+00,1.899977410829019886e-01,0.000000000000000000e+00,1.190605010535002173e-02,8.046369295151110934e-02,1.347148994914436869e-02,0.000000000000000000e+00,1.610110597080077477e-01,4.024372564627234916e-02,0.000000000000000000e+00
1.329408190403378199e-03,4.715419171253427966e-02,0.000000000000000000e+00,4.981715019828238805e-02,3.949837749926386060e-03,1.371929409483790656e-02,2.453451570319913847e-03,8.643454788712105763e-02,2.451246951104518387e-02,2.829855993754184888e-03,2.570469357786822270e-02,1.865122110546839629e-01,0.000000000000000000e+00,0.000000000000000000e+00,0.000000000000000000e+00,1.155329738153059727e-01,7.960277541095520104e-02,0.000000000000000000e+00,0.000000000000000000e+00
1.009543938750894210e-01,1.241728229677104001e-02,2.350003597061399441e-02,3.996378898969536048e-02,3.620043710443743984e-02,8.098853373021880353e-02,0.000000000000000000e+00,8.528612165137150480e-02,3.314329638380150364e-03,1.550022222286329132e-02,0.000000000000000000e+00,5.535325383445244274e-02,0.000000000000000000e+00,0.000000000000000000e+00,1.222721146498897266e-02,3.686531717426995147e-01,6.842037223540278768e-02,0.000000000000000000e+00,0.000000000000000000e+00
4.948315617475932315e-05,1.133186511432105782e-02,2.166538941561550703e-04,0.000000000000000000e+00,0.000000000000000000e+00,0.000000000000000000e+00,1.080131049310156018e-03,0.000000000000000000e+00,0.000000000000000000e+00,1.755043050877381494e-01,0.000000000000000000e+00,0.000000000000000000e+00,0.000000000000000000e+00,0.000000000000000000e+00,7.252613041465395989e-04,0.000000000000000000e+00,0.000000000000000000e+00,0.000000000000000000e+00,0.000000000000000000e+00
1.808419788341089907e-01,0.000000000000000000e+00,5.186525859648326298e-02,2.923464387872121845e-02,3.211298586054432413e-01,5.966874024290304973e-02,1.889450391378846156e-02,2.767736171858184609e-03,0.000000000000000000e+00,0.000000000000000000e+00,2.931404482388467580e-03,1.163470424215452548e-01,1.078756516026171952e-01,1.738396624098354770e-01,1.286791723552081212e-01,2.017586341701224084e-01,4.302609387372802879e-03,8.913271248194643004e-02,0.000000000000000000e+00
0.000000000000000000e+00,2.620511446289162157e-03,4.709590032680192884e-02,1.605988549511315824e-02,0.000000000000000000e+00,0.000000000000000000e+00,0.000000000000000000e+00,0.000000000000000000e+00,1.171035472423592599e-01,1.719514467901259516e-02,0.000000000000000000e+00,0.000000000000000000e+00,1.391278148467151865e-01,0.000000000000000000e+00,0.000000000000000000e+00,0.000000000000000000e+00,0.000000000000000000e+00,6.885812295663769345e-02,8.771461647066884637e-02
0.000000000000000000e+00,7.859679819735162186e-04,9.864314525442256874e-04,7.796791673771201470e-02,1.550815162350187640e-03,3.625276989702128777e-02,2.695940000646036561e-01,0.000000000000000000e+00,9.815540797597662164e-04,0.000000000000000000e+00,1.103406479596495161e-02,0.000000000000000000e+00,1.476306393687396717e-02,0.000000000000000000e+00,0.000000000000000000e+00,0.000000000000000000e+00,0.000000000000000000e+00,0.000000000000000000e+00,0.000000000000000000e+00
1.022691860906236759e-03,1.153785882322899909e-03,8.157190866110981473e-03,1.494041566820320521e-01,0.000000000000000000e+00,0.000000000000000000e+00,2.384925092023238807e-05,8.750168510569915348e-02,6.396169588694008631e-03,3.771260930953900577e-03,0.000000000000000000e+00,0.000000000000000000e+00,0.000000000000000000e+00,0.000000000000000000e+00,0.000000000000000000e+00,6.036781996682352019e-02,0.000000000000000000e+00,0.000000000000000000e+00,0.000000000000000000e+00
0.000000000000000000e+00,1.932163372344645191e-01,0.000000000000000000e+00,0.000000000000000000e+00,0.000000000000000000e+00,0.000000000000000000e+00,1.336465236591658813e-03,0.000000000000000000e+00,4.203668022037680002e-02,0.000000000000000000e+00,0.000000000000000000e+00,0.000000000000000000e+00,0.000000000000000000e+00,0.000000000000000000e+00,0.000000000000000000e+00,0.000000000000000000e+00,0.000000000000000000e+00,0.000000000000000000e+00,1.441338131305002455e-02
0.000000000000000000e+00,4.854415267637136357e-03,4.839975277987833974e-03,8.685053338003285983e-05,0.000000000000000000e+00,7.312965850290696623e-02,1.611390473737422252e-02,7.847246275914210962e-04,1.110922168049438552e-01,0.000000000000000000e+00,0.000000000000000000e+00,0.000000000000000000e+00,0.000000000000000000e+00,0.000000000000000000e+00,7.393104833513149295e-03,0.000000000000000000e+00,0.000000000000000000e+00,0.000000000000000000e+00,0.000000000000000000e+00
1.354607963718778285e-01,0.000000000000000000e+00,4.943496125300781557e-02,6.345659343121811367e-03,2.906691014731929146e-01,5.292775692908017332e-02,2.360686890178200284e-02,4.341600579986574213e-04,0.000000000000000000e+00,0.000000000000000000e+00,1.545735534804605236e-03,1.207839670215912625e-01,1.095613059893803393e-01,2.024130790915008027e-01,1.135325959343715246e-01,5.942628339273553495e-02,0.000000000000000000e+00,9.466287221382428674e-02,2.135000380460974536e-03
0.000000000000000000e+00,7.665326962103377606e-02,0.000000000000000000e+00,0.000000000000000000e+00,0.000000000000000000e+00,0.000000000000000000e+00,0.000000000000000000e+00,0.000000000000000000e+00,2.715912755918651125e-02,8.288982347398821809e-03,0.000000000000000000e+00,0.000000000000000000e+00,0.000000000000000000e+00,0.000000000000000000e+00,0.000000000000000000e+00,0.000000000000000000e+00,0.000000000000000000e+00,0.000000000000000000e+00,1.914130743772304161e-02
3.688264393210871541e-04,7.124159247480604806e-02,0.000000000000000000e+00,6.555481156454537849e-03,0.000000000000000000e+00,3.794280777208854094e-02,9.077382312693038939e-04,1.409294169297032294e-02,5.813431348857513864e-02,0.000000000000000000e+00,0.000000000000000000e+00,0.000000000000000000e+00,0.000000000000000000e+00,0.000000000000000000e+00,1.134921224594918291e-03,4.278736209764056816e-03,1.880181207304823521e-02,0.000000000000000000e+00,0.000000000000000000e+00
0.000000000000000000e+00,0.000000000000000000e+00,0.000000000000000000e+00,0.000000000000000000e+00,0.000000000000000000e+00,2.134053791884515938e-02,3.041957159822847746e-03,0.000000000000000000e+00,0.000000000000000000e+00,1.311643066216257036e-01,4.422233230385675187e-03,0.000000000000000000e+00,0.000000000000000000e+00,0.000000000000000000e+00,0.000000000000000000e+00,0.000000000000000000e+00,1.653132614213946496e-03,0.000000000000000000e+00,0.000000000000000000e+00
0.000000000000000000e+00,3.579138079342347734e-02,0.000000000000000000e+00,0.000000000000000000e+00,0.000000000000000000e+00,0.000000000000000000e+00,0.000000000000000000e+00,0.000000000000000000e+00,1.027137276243168112e-02,5.166436639369356709e-02,0.000000000000000000e+00,2.447914522006523329e-03,0.000000000000000000e+00,0.000000000000000000e+00,0.000000000000000000e+00,0.000000000000000000e+00,0.000000000000000000e+00,0.000000000000000000e+00,1.527223635678934439e-02
2.375399100114886086e-02,3.289681710852780661e-02,0.000000000000000000e+00,0.000000000000000000e+00,0.000000000000000000e+00,0.000000000000000000e+00,2.314067258845396435e-01,6.440871705171587192e-02,0.000000000000000000e+00,0.000000000000000000e+00,0.000000000000000000e+00,0.000000000000000000e+00,0.000000000000000000e+00,0.000000000000000000e+00,0.000000000000000000e+00,0.000000000000000000e+00,0.000000000000000000e+00,0.000000000000000000e+00,0.000000000000000000e+00
0.000000000000000000e+00,2.695141322509979082e-03,2.775522627753783302e-03,0.000000000000000000e+00,0.000000000000000000e+00,5.826610269352736765e-02,1.512641743093048018e-02,0.000000000000000000e+00,9.072254220362169219e-02,0.000000000000000000e+00,0.000000000000000000e+00,0.000000000000000000e+00,0.000000000000000000e+00,0.000000000000000000e+00,7.122689063590871908e-03,0.000000000000000000e+00,0.000000000000000000e+00,0.000000000000000000e+00,0.000000000000000000e+00
0.000000000000000000e+00,4.081313313456890260e-03,0.000000000000000000e+00,2.699268799798155549e-03,2.878449817780048478e-03,0.000000000000000000e+00,1.702464830534613227e-01,4.469166883758340231e-02,0.000000000000000000e+00,6.874440311264196600e-03,0.000000000000000000e+00,0.000000000000000000e+00,7.584340240768194623e-03,0.000000000000000000e+00,0.000000000000000000e+00,0.000000000000000000e+00,0.000000000000000000e+00,1.261050513113830826e-03,0.000000000000000000e+00
1.300330337768033310e-03,2.654660828938785327e-02,0.000000000000000000e+00,6.428048429653186735e-02,1.691387668359829212e-03,1.372376530277033026e-02,4.276680683530397799e-04,5.666645595770130467e-02,1.615423000119960845e-02,6.317929644125101904e-04,0.000000000000000000e+00,2.409766510920063019e-03,0.000000000000000000e+00,0.000000000000000000e+00,0.000000000000000000e+00,5.665946989850485782e-02,0.000000000000000000e+00,0.000000000000000000e+00,0.000000000000000000e+00
0.000000000000000000e+00,3.302348704458690255e-03,7.128795384819421044e-02,0.000000000000000000e+00,0.000000000000000000e+00,9.959356110976277932e-02,2.076164509617283132e-04,0.000000000000000000e+00,2.375461278931672443e-02,1.934561298417926400e-02,0.000000000000000000e+00,0.000000000000000000e+00,0.000000000000000000e+00,3.793676953469272972e-02,0.000000000000000000e+00,0.000000000000000000e+00,0.000000000000000000e+00,0.000000000000000000e+00,0.000000000000000000e+00
0.000000000000000000e+00,0.000000000000000000e+00,0.000000000000000000e+00,0.000000000000000000e+00,0.000000000000000000e+00,1.499394366344697013e-03,5.772428076999690932e-03,0.000000000000000000e+00,0.000000000000000000e+00,1.099599004102410765e-01,0.000000000000000000e+00,0.000000000000000000e+00,0.000000000000000000e+00,0.000000000000000000e+00,3.939128411806797504e-04,0.000000000000000000e+00,0.000000000000000000e+00,0.000000000000000000e+00,0.000000000000000000e+00
7.720262841728363422e-05,5.476615049903895902e-03,0.000000000000000000e+00,1.238781725063603685e-02,4.381193800484348318e-04,5.897479721349064858e-04,1.388531854017529266e-01,7.062647608446308983e-03,0.000000000000000000e+00,5.922103887319421674e-03,0.000000000000000000e+00,0.000000000000000000e+00,0.000000000000000000e+00,0.000000000000000000e+00,0.000000000000000000e+00,0.000000000000000000e+00,0.000000000000000000e+00,0.000000000000000000e+00,0.000000000000000000e+00
4.794213998443118407e-03,1.589031568743760545e-02,5.291445639523736574e-03,2.811467417148882236e-02,3.444289207932494718e-05,1.468444298587513221e-02,4.452222842846408589e-04,1.810966890810355306e-02,1.449637023455851124e-02,3.821352381071218933e-03,0.000000000000000000e+00,0.000000000000000000e+00,0.000000000000000000e+00,0.000000000000000000e+00,0.000000000000000000e+00,4.791408666361901027e-03,0.000000000000000000e+00,0.000000000000000000e+00,0.000000000000000000e+00
0.000000000000000000e+00,2.523934064424596547e-03,0.000000000000000000e+00,1.735001660722229958e-02,0.000000000000000000e+00,0.000000000000000000e+00,9.469755157322153625e-04,0.000000000000000000e+00,5.148440217063659369e-02,0.000000000000000000e+00,0.000000000000000000e+00,0.000000000000000000e+00,0.000000000000000000e+00,0.000000000000000000e+00,0.000000000000000000e+00,0.000000000000000000e+00,0.000000000000000000e+00,0.000000000000000000e+00,1.555550281135916965e-02
3.527890066423950755e-04,1.592624530082830531e-02,0.000000000000000000e+00,4.715550393000522700e-02,7.797159385095810830e-04,1.079849332644303335e-02,3.157353633245388747e-03,3.458336397136675677e-02,1.721581117995621066e-02,8.788447417959507728e-04,0.000000000000000000e+00,1.512987397228565938e-03,0.000000000000000000e+00,0.000000000000000000e+00,0.000000000000000000e+00,5.105396645879806128e-02,0.000000000000000000e+00,0.000000000000000000e+00,0.000000000000000000e+00
3.782736510800622804e-03,6.095674362844887006e-02,0.000000000000000000e+00,0.000000000000000000e+00,5.346385114444640770e-04,1.180291615624372292e-02,5.055653412028078986e-04,0.000000000000000000e+00,2.231780423799146346e-02,0.000000000000000000e+00,0.000000000000000000e+00,6.242074923306071589e-03,0.000000000000000000e+00,0.000000000000000000e+00,0.000000000000000000e+00,5.555568693638779972e-04,0.000000000000000000e+00,0.000000000000000000e+00,0.000000000000000000e+00
0.000000000000000000e+00,1.023210828424988700e-01,0.000000000000000000e+00,0.000000000000000000e+00,0.000000000000000000e+00,0.000000000000000000e+00,2.422146104536377405e-03,0.000000000000000000e+00,3.676298636545890369e-03,0.000000000000000000e+00,0.000000000000000000e+00,0.000000000000000000e+00,7.215938938580308609e-04,0.000000000000000000e+00,0.000000000000000000e+00,0.000000000000000000e+00,0.000000000000000000e+00,0.000000000000000000e+00,0.000000000000000000e+00
0.000000000000000000e+00,2.487220833678661577e-02,0.000000000000000000e+00,0.000000000000000000e+00,0.000000000000000000e+00,0.000000000000000000e+00,0.000000000000000000e+00,0.000000000000000000e+00,9.124139717570952171e-03,3.457947376729660766e-02,0.000000000000000000e+00,2.129791383668013394e-03,0.000000000000000000e+00,0.000000000000000000e+00,0.000000000000000000e+00,0.000000000000000000e+00,0.000000000000000000e+00,0.000000000000000000e+00,0.000000000000000000e+00
0.000000000000000000e+00,1.325479893763486551e-02,0.000000000000000000e+00,0.000000000000000000e+00,0.000000000000000000e+00,1.854683251883138331e-02,0.000000000000000000e+00,5.733883964836173491e-02,7.214171374922134262e-03,2.624675470277102341e-03,0.000000000000000000e+00,8.900836065612953429e-02,0.000000000000000000e+00,0.000000000000000000e+00,0.000000000000000000e+00,0.000000000000000000e+00,2.504430329887839812e-02,0.000000000000000000e+00,0.000000000000000000e+00
0.000000000000000000e+00,8.817888190712374783e-04,6.316881490044432002e-02,0.000000000000000000e+00,0.000000000000000000e+00,7.940658039835041260e-02,0.000000000000000000e+00,0.000000000000000000e+00,2.083672473313861670e-02,7.891520744098982909e-03,6.279993633034556405e-03,0.000000000000000000e+00,0.000000000000000000e+00,3.518577758348959139e-02,0.000000000000000000e+00,0.000000000000000000e+00,0.000000000000000000e+00,0.000000000000000000e+00,5.896541875910886292e-03
0.000000000000000000e+00,0.000000000000000000e+00,0.000000000000000000e+00,0.000000000000000000e+00,0.000000000000000000e+00,1.075042615047645117e-02,1.435091773144156870e-03,1.372587188488821593e-04,0.000000000000000000e+00,3.901112371853516364e-02,1.952107886690233407e-04,0.000000000000000000e+00,0.000000000000000000e+00,0.000000000000000000e+00,0.000000000000000000e+00,1.932572552612360495e-02,0.000000000000000000e+00,0.000000000000000000e+00,2.375595965441008595e-01
0.000000000000000000e+00,0.000000000000000000e+00,1.073556122435176917e-02,5.084427961136007978e-02,0.000000000000000000e+00,1.784773943792859752e-02,1.122008913066889213e-01,0.000000000000000000e+00,1.887283119368461095e-03,0.000000000000000000e+00,1.362921179350480225e-02,0.000000000000000000e+00,0.000000000000000000e+00,0.000000000000000000e+00,0.000000000000000000e+00,0.000000000000000000e+00,0.000000000000000000e+00,0.000000000000000000e+00,6.213272147257550490e-03
0.000000000000000000e+00,5.115955631377402252e-02,0.000000000000000000e+00,0.000000000000000000e+00,0.000000000000000000e+00,0.000000000000000000e+00,3.131621156746165540e-04,0.000000000000000000e+00,7.265280144781585854e-03,0.000000000000000000e+00,0.000000000000000000e+00,0.000000000000000000e+00,0.000000000000000000e+00,0.000000000000000000e+00,0.000000000000000000e+00,0.000000000000000000e+00,0.000000000000000000e+00,0.000000000000000000e+00,0.000000000000000000e+00
0.000000000000000000e+00,0.000000000000000000e+00,0.000000000000000000e+00,0.000000000000000000e+00,1.528382662929763172e-02,3.143340295826997643e-02,0.000000000000000000e+00,0.000000000000000000e+00,0.000000000000000000e+00,0.000000000000000000e+00,0.000000000000000000e+00,0.000000000000000000e+00,0.000000000000000000e+00,0.000000000000000000e+00,0.000000000000000000e+00,1.180770721128292511e-01,0.000000000000000000e+00,0.000000000000000000e+00,3.083502971584788921e-01
0.000000000000000000e+00,2.691158434683133677e-02,0.000000000000000000e+00,0.000000000000000000e+00,0.000000000000000000e+00,2.179381501142818936e-02,0.000000000000000000e+00,7.439530319331597377e-03,3.445113719075730552e-02,7.612357981909877776e-04,0.000000000000000000e+00,0.000000000000000000e+00,0.000000000000000000e+00,0.000000000000000000e+00,2.806455158227819536e-03,0.000000000000000000e+00,0.000000000000000000e+00,1.040348933505610019e-03,0.000000000000000000e+00
2.908057534882031988e-05,0.000000000000000000e+00,7.730807775255723463e-03,1.536506047656000440e-03,0.000000000000000000e+00,4.300028569035987958e-02,6.237416213601784665e-03,0.000000000000000000e+00,5.206665513404414025e-02,0.000000000000000000e+00,0.000000000000000000e+00,0.000000000000000000e+00,0.000000000000000000e+00,0.000000000000000000e+00,3.024741487787364382e-03,0.000000000000000000e+00,0.000000000000000000e+00,0.000000000000000000e+00,6.656618701591185752e-03
5.640202237337513247e-02,0.000000000000000000e+00,6.005313614736577585e-03,2.201179350012434296e-02,0.000000000000000000e+00,0.000000000000000000e+00,0.000000000000000000e+00,4.733534188924599234e-02,3.463270918918397168e-03,1.054590204517499505e-02,0.000000000000000000e+00,0.000000000000000000e+00,0.000000000000000000e+00,2.641273966603065876e-02,1.212290572311211373e-01,5.529635630151618492e-02,0.000000000000000000e+00,0.000000000000000000e+00,0.000000000000000000e+00
2.549174340548697286e-03,0.000000000000000000e+00,0.000000000000000000e+00,7.094706895116564827e-02,0.000000000000000000e+00,0.000000000000000000e+00,6.649628109607144417e-04,2.706722923184166560e-02,2.034991452048243860e-02,0.000000000000000000e+00,0.000000000000000000e+00,0.000000000000000000e+00,0.000000000000000000e+00,0.000000000000000000e+00,1.794306440204956887e-02,0.000000000000000000e+00,1.242549544248307465e-04,0.000000000000000000e+00,0.000000000000000000e+00
3.014287179120482205e-02,2.018464828528290442e-03,7.128359049027166786e-03,0.000000000000000000e+00,2.078995132052561048e-02,4.350866194655469282e-02,0.000000000000000000e+00,8.651469977444788476e-03,0.000000000000000000e+00,8.689363192621927384e-03,0.000000000000000000e+00,0.000000000000000000e+00,0.000000000000000000e+00,0.000000000000000000e+00,0.000000000000000000e+00,1.988057220132521674e-01,0.000000000000000000e+00,0.000000000000000000e+00,5.303943492055842451e-03
0.000000000000000000e+00,0.000000000000000000e+00,0.000000000000000000e+00,1.653029396486430450e-02,1.497750985135484639e-03,0.000000000000000000e+00,9.353154539104467646e-02,8.193216376780776411e-03,0.000000000000000000e+00,1.123659844102573892e-02,0.000000000000000000e+00,0.000000000000000000e+00,1.718585533945887625e-03,0.000000000000000000e+00,0.000000000000000000e+00,0.000000000000000000e+00,0.000000000000000000e+00,7.011807150803267986e-04,0.000000000000000000e+00
0.000000000000000000e+00,1.837673078905870810e-02,0.000000000000000000e+00,0.000000000000000000e+00,0.000000000000000000e+00,0.000000000000000000e+00,0.000000000000000000e+00,0.000000000000000000e+00,3.161166939437650043e-03,1.381843263155413566e-02,0.000000000000000000e+00,0.000000000000000000e+00,0.000000000000000000e+00,0.000000000000000000e+00,0.000000000000000000e+00,0.000000000000000000e+00,0.000000000000000000e+00,0.000000000000000000e+00,2.613664062083004627e-02
0.000000000000000000e+00,1.090929480785714917e-02,0.000000000000000000e+00,7.395075746848664595e-03,0.000000000000000000e+00,3.456607235016667667e-02,0.000000000000000000e+00,3.740649177633516981e-02,3.923598440982919815e-03,6.107046137757703337e-04,0.000000000000000000e+00,7.821486875503021186e-02,0.000000000000000000e+00,0.000000000000000000e+00,0.000000000000000000e+00,0.000000000000000000e+00,4.473705702027223896e-02,0.000000000000000000e+00,0.000000000000000000e+00
1.525781124117690768e-04,6.862346935845955488e-04,1.063567838087726297e-04,6.024469633569411869e-02,6.126003197302102264e-04,0.000000000000000000e+00,0.000000000000000000e+00,2.998515612830684671e-02,0.000000000000000000e+00,0.000000000000000000e+00,0.000000000000000000e+00,0.000000000000000000e+00,0.000000000000000000e+00,1.045772335764844248e-03,0.000000000000000000e+00,5.926183808830570027e-02,0.000000000000000000e+00,0.000000000000000000e+00,2.920037911182063613e-04
0.000000000000000000e+00,1.233687756677751858e-02,0.000000000000000000e+00,0.000000000000000000e+00,0.000000000000000000e+00,0.000000000000000000e+00,0.000000000000000000e+00,0.000000000000000000e+00,4.890011731750379571e-03,3.706642819203041783e-02,0.000000000000000000e+00,5.871092178809861513e-03,0.000000000000000000e+00,0.000000000000000000e+00,0.000000000000000000e+00,0.000000000000000000e+00,0.000000000000000000e+00,0.000000000000000000e+00,0.000000000000000000e+00
0.000000000000000000e+00,0.000000000000000000e+00,3.168797961009567170e-03,1.144624701444591115e-03,0.000000000000000000e+00,3.226732891634048056e-02,5.144346020088660064e-03,0.000000000000000000e+00,4.642515855936420882e-02,0.000000000000000000e+00,3.202564472722150678e-03,0.000000000000000000e+00,0.000000000000000000e+00,1.740883558548832709e-04,1.079487393033880466e-03,0.000000000000000000e+00,0.000000000000000000e+00,0.000000000000000000e+00,1.134093948096969937e-02
7.704976277060641618e-05,2.132207816730649630e-02,1.619624622798277857e-03,0.000000000000000000e+00,0.000000000000000000e+00,1.885968439152032813e-02,0.000000000000000000e+00,9.864660816629299694e-04,2.670994403850595819e-02,0.000000000000000000e+00,0.000000000000000000e+00,0.000000000000000000e+00,0.000000000000000000e+00,0.000000000000000000e+00,2.953580101047013559e-03,0.000000000000000000e+00,0.000000000000000000e+00,3.244383979255496342e-04,0.000000000000000000e+00
3.731001508650225520e-03,9.819222763176047378e-03,0.000000000000000000e+00,1.752556037008365939e-03,2.154335518210172534e-03,2.331263434307850619e-03,1.184068713124576894e-03,3.016566387748311276e-02,3.837672271804866680e-03,3.311990608719572043e-03,0.000000000000000000e+00,0.000000000000000000e+00,0.000000000000000000e+00,0.000000000000000000e+00,0.000000000000000000e+00,6.710766834187325072e-03,0.000000000000000000e+00,0.000000000000000000e+00,0.000000000000000000e+00
5.525020533043195625e-02,0.000000000000000000e+00,3.256958303929126126e-03,7.852217871261156848e-03,0.000000000000000000e+00,0.000000000000000000e+00,0.000000000000000000e+00,3.673171083254472141e-02,7.176672366653486478e-03,2.604915184029599033e-03,0.000000000000000000e+00,0.000000000000000000e+00,0.000000000000000000e+00,3.660067221081730188e-02,9.436586758145974752e-02,4.902544759039278999e-02,0.000000000000000000e+00,0.000000000000000000e+00,0.000000000000000000e+00
0.000000000000000000e+00,1.276128224109857696e-03,0.000000000000000000e+00,1.642902270289461897e-02,0.000000000000000000e+00,0.000000000000000000e+00,4.417806570422156808e-04,0.000000000000000000e+00,3.541186278507706814e-02,0.000000000000000000e+00,0.000000000000000000e+00,0.000000000000000000e+00,0.000000000000000000e+00,0.000000000000000000e+00,0.000000000000000000e+00,0.000000000000000000e+00,0.000000000000000000e+00,0.000000000000000000e+00,1.871921982915174254e-02
0.000000000000000000e+00,2.828159767074860803e-02,5.541654653399145144e-04,1.570050710063141666e-03,0.000000000000000000e+00,2.773102225529345405e-02,1.569338306335415351e-03,4.172135889310742553e-04,2.780857423387691953e-03,0.000000000000000000e+00,0.000000000000000000e+00,0.000000000000000000e+00,1.232332662758463607e-03,6.120553748817347253e-04,0.000000000000000000e+00,2.616124292522110754e-03,3.641649707441835422e-03,0.000000000000000000e+00,0.000000000000000000e+00
1.413011638415981742e-04,1.171624662821509413e-02,0.000000000000000000e+00,0.000000000000000000e+00,0.000000000000000000e+00,4.275455924039326880e-03,0.000000000000000000e+00,0.000000000000000000e+00,2.190443158265746593e-02,1.191069743288913213e-02,0.000000000000000000e+00,5.128558941389767430e-03,0.000000000000000000e+00,0.000000000000000000e+00,0.000000000000000000e+00,0.000000000000000000e+00,0.000000000000000000e+00,0.000000000000000000e+00,1.754514748502999238e-02
0.000000000000000000e+00,4.110826610269572982e-04,9.210831082460830752e-03,8.757294937709876430e-04,0.000000000000000000e+00,2.365474815898430810e-02,0.000000000000000000e+00,5.703171300508395880e-03,1.246967758976516051e-03,2.578772188933449797e-02,3.443320456818122540e-03,0.000000000000000000e+00,0.000000000000000000e+00,0.000000000000000000e+00,0.000000000000000000e+00,3.975367571223754545e-03,1.217177296500216409e-02,0.000000000000000000e+00,0.000000000000000000e+00
7.009037669711981264e-03,0.000000000000000000e+00,7.993841396305911493e-03,2.378571866410582932e-03,4.064349503238238494e-03,5.341351895941605886e-03,3.433194990247768856e-03,2.921181015112069490e-04,0.000000000000000000e+00,0.000000000000000000e+00,1.713307630444546939e-02,2.357999191339525402e-01,0.000000000000000000e+00,0.000000000000000000e+00,0.000000000000000000e+00,0.000000000000000000e+00,2.750115602634775613e-02,0.000000000000000000e+00,9.417559356922837466e-03
0.000000000000000000e+00,1.493306368756428838e-03,0.000000000000000000e+00,7.865627277851169191e-03,0.000000000000000000e+00,1.822662886207909033e-02,4.867784912995112671e-04,6.183628181359339913e-03,3.137690415804409577e-02,0.000000000000000000e+00,0.000000000000000000e+00,0.000000000000000000e+00,0.000000000000000000e+00,0.000000000000000000e+00,1.004299422869798857e-04,5.667124718853322300e-03,1.360191202103518127e-02,0.000000000000000000e+00,0.000000000000000000e+00
0.000000000000000000e+00,4.619242691639966619e-02,0.000000000000000000e+00,0.000000000000000000e+00,0.000000000000000000e+00,0.000000000000000000e+00,3.574648970194221659e-04,0.000000000000000000e+00,4.360886770930249776e-03,0.000000000000000000e+00,0.000000000000000000e+00,0.000000000000000000e+00,0.000000000000000000e+00,0.000000000000000000e+00,0.000000000000000000e+00,0.000000000000000000e+00,0.000000000000000000e+00,0.000000000000000000e+00,0.000000000000000000e+00
0.000000000000000000e+00,1.000195115589968403e-02,0.000000000000000000e+00,0.000000000000000000e+00,1.518558153143524268e-03,0.000000000000000000e+00,0.000000000000000000e+00,0.000000000000000000e+00,3.782227345834891525e-03,0.000000000000000000e+00,0.000000000000000000e+00,2.329403253966599863e-01,0.000000000000000000e+00,0.000000000000000000e+00,0.000000000000000000e+00,0.000000000000000000e+00,3.335003121309996349e-02,5.327865049507936150e-03,0.000000000000000000e+00
0.000000000000000000e+00,0.000000000000000000e+00,7.480305457533713287e-02,0.000000000000000000e+00,0.000000000000000000e+00,4.663816648441497514e-02,2.891254273801842530e-03,0.000000000000000000e+00,2.204848831954886457e-02,4.264406012677453804e-04,0.000000000000000000e+00,0.000000000000000000e+00,0.000000000000000000e+00,2.670781435362288778e-02,0.000000000000000000e+00,0.000000000000000000e+00,0.000000000000000000e+00,0.000000000000000000e+00,1.382254130194335295e-02
0.000000000000000000e+00,8.984418940251804242e-04,6.294996471409590368e-04,3.859913307157593343e-02,8.944510901606046954e-05,4.491125638342472414e-04,0.000000000000000000e+00,1.641463185514773285e-02,0.000000000000000000e+00,0.000000000000000000e+00,0.000000000000000000e+00,0.000000000000000000e+00,0.000000000000000000e+00,1.235133693627954573e-03,0.000000000000000000e+00,5.518707199885441311e-02,0.000000000000000000e+00,0.000000000000000000e+00,2.135774712093937207e-03
1.788237586501796247e-02,4.675781746204508288e-03,0.000000000000000000e+00,3.154846579723322164e-02,0.000000000000000000e+00,0.000000000000000000e+00,5.344448901290269321e-04,5.151098990477730871e-02,2.977957177185688257e-03,2.131524082951643910e-03,0.000000000000000000e+00,0.000000000000000000e+00,0.000000000000000000e+00,0.000000000000000000e+00,0.000000000000000000e+00,0.000000000000000000e+00,0.000000000000000000e+00,0.000000000000000000e+00,0.000000000000000000e+00
2.082164272024288054e-02,1.789458843624763861e-03,0.000000000000000000e+00,0.000000000000000000e+00,3.483047172934838898e-02,1.934954509798997996e-02,2.971681190624585450e-03,0.000000000000000000e+00,3.058349332794802676e-05,4.549080340814052811e-03,0.000000000000000000e+00,0.000000000000000000e+00,0.000000000000000000e+00,0.000000000000000000e+00,0.000000000000000000e+00,1.273763762071632444e-01,0.000000000000000000e+00,0.000000000000000000e+00,1.540829987042901909e-02
5.141419193073671137e-03,0.000000000000000000e+00,0.000000000000000000e+00,0.000000000000000000e+00,5.405663428902906381e-02,2.378085174482374943e-04,0.000000000000000000e+00,1.833769645599355250e-02,0.000000000000000000e+00,0.000000000000000000e+00,0.000000000000000000e+00,4.685260862248896534e-03,2.189116673506290855e-01,0.000000000000000000e+00,0.000000000000000000e+00,0.000000000000000000e+00,0.000000000000000000e+00,4.308390718213324089e-01,0.000000000000000000e+00
0.000000000000000000e+00,1.115865627780907206e-02,0.000000000000000000e+00,6.365658769424572400e-03,0.000000000000000000e+00,2.215077414565745986e-02,0.000000000000000000e+00,2.005976882407829037e-02,2.147872322314586368e-03,0.000000000000000000e+00,0.000000000000000000e+00,8.815812611930280707e-02,0.000000000000000000e+00,0.000000000000000000e+00,0.000000000000000000e+00,0.000000000000000000e+00,3.339704643629710923e-02,0.000000000000000000e+00,0.000000000000000000e+00
0.000000000000000000e+00,0.000000000000000000e+00,0.000000000000000000e+00,6.331841735886696576e-02,0.000000000000000000e+00,0.000000000000000000e+00,0.000000000000000000e+00,2.137401275549810284e-02,4.592012409543182704e-03,0.000000000000000000e+00,2.474320176355802371e-04,0.000000000000000000e+00,0.000000000000000000e+00,0.000000000000000000e+00,1.022139204981929728e-02,0.000000000000000000e+00,3.956804002916083571e-03,0.000000000000000000e+00,0.000000000000000000e+00
8.223193947709333054e-03,0.000000000000000000e+00,2.363776567221666063e-03,2.238873038505159729e-02,6.725622503726938527e-05,7.030351097000376486e-04,7.763687674886265164e-04,1.417781462172969416e-02,9.599814072478920352e-04,9.623204761144979946e-04,0.000000000000000000e+00,0.000000000000000000e+00,0.000000000000000000e+00,0.000000000000000000e+00,0.000000000000000000e+00,1.890010340968477105e-03,0.000000000000000000e+00,0.000000000000000000e+00,8.582076492249755015e-05
0.000000000000000000e+00,6.294574425998962497e-03,0.000000000000000000e+00,0.000000000000000000e+00,0.000000000000000000e+00,3.117147061411747883e-02,0.000000000000000000e+00,0.000000000000000000e+00,2.410831221386884951e-04,7.715788993011332350e-03,0.000000000000000000e+00,0.000000000000000000e+00,0.000000000000000000e+00,0.000000000000000000e+00,0.000000000000000000e+00,9.274353889981088979e-04,5.512975378029236206e-03,0.000000000000000000e+00,0.000000000000000000e+00
1.551193851032719475e-04,5.874033408367738789e-03,0.000000000000000000e+00,3.024080372825103946e-02,8.807303999983344417e-06,0.000000000000000000e+00,5.202685448869435840e-03,0.000000000000000000e+00,1.736002071855905502e-03,1.568528450198323739e-03,0.000000000000000000e+00,0.000000000000000000e+00,0.000000000000000000e+00,0.000000000000000000e+00,0.000000000000000000e+00,1.093586849099452982e-03,0.000000000000000000e+00,0.000000000000000000e+00,0.000000000000000000e+00
3.164119522923009020e-02,2.337029443271519680e-02,0.000000000000000000e+00,0.000000000000000000e+00,0.000000000000000000e+00,0.000000000000000000e+00,5.653867560643306700e-02,1.296373507119862913e-02,0.000000000000000000e+00,0.000000000000000000e+00,0.000000000000000000e+00,0.000000000000000000e+00,0.000000000000000000e+00,0.000000000000000000e+00,0.000000000000000000e+00,0.000000000000000000e+00,0.000000000000000000e+00,0.000000000000000000e+00,0.000000000000000000e+00
