0.000000000000000000e+00,0.000000000000000000e+00,9.232137568594658283e-01,1.531488066228872402e-01,2.457338015735455357e-03,0.000000000000000000e+00,1.963703870025445830e-01,0.000000000000000000e+00,2.671254814999905421e-04,5.385833286028498396e-02,0.000000000000000000e+00,2.666743254963780535e-02,0.000000000000000000e+00,0.000000000000000000e+00,0.000000000000000000e+00,8.536043024568999715e-02,8.889567740281253310e-04,5.972944497602210301e-02,7.213926347833948816e-02,0.000000000000000000e+00,0.000000000000000000e+00,1.263819892094924513e-01,7.237210043461317355e-02,2.082615643542301831e-01,1.248490761283291700e-01,5.680602881674807342e-02,1.010898103486041338e-01,1.992039222289962441e-01,1.948370035173674786e-03,8.269893794464666659e-02
0.000000000000000000e+00,2.589573890617198892e-01,4.283852617323089529e-01,5.158460654331535264e-03,0.000000000000000000e+00,0.000000000000000000e+00,2.821002531242245426e-01,0.000000000000000000e+00,1.940222184830434626e-01,1.707885358631454006e-02,0.000000000000000000e+00,0.000000000000000000e+00,0.000000000000000000e+00,0.000000000000000000e+00,7.003850852255381985e-04,1.166946946920975198e-01,0.000000000000000000e+00,5.770795238072989886e-02,4.726759216204068359e-02,9.027845645856702808e-03,2.380845021732549624e-02,1.161888172488009380e-01,0.000000000000000000e+00,3.853496638753368259e-02,0.000000000000000000e+00,2.149297356628836805e-03,4.240535178117434134e-02,0.000000000000000000e+00,1.213984789953405502e-01,1.074615358616528155e-01
1.007478838141193656e+00,4.000150676729171684e-01,7.370398075679929217e-02,8.773841528266752843e-02,1.915570207395160540e-01,0.000000000000000000e+00,2.374999667442493235e-03,7.946577818891695580e-03,6.654260607185290277e-02,0.000000000000000000e+00,4.162579796006739274e-02,6.065609287082207590e-02,2.848674461652719314e-01,0.000000000000000000e+00,7.843631631880401689e-02,0.000000000000000000e+00,1.876182089279167242e-01,9.607491513600660560e-02,0.000000000000000000e+00,0.000000000000000000e+00,1.241048508776639546e-03,5.575181036933635897e-02,3.274438117639394408e-01,5.291415908964995987e-03,1.118603058476376061e-01,5.656295356203625002e-02,4.324511761148752687e-02,1.659885897913020436e-01,9.461214683918434815e-03,3.747558558198135076e-02
0.000000000000000000e+00,0.000000000000000000e+00,5.909670487963780694e-01,3.231303233023163912e-01,0.000000000000000000e+00,0.000000000000000000e+00,3.194931939604300081e-02,0.000000000000000000e+00,0.000000000000000000e+00,1.963831093862945798e-01,0.000000000000000000e+00,1.175339211577256654e-02,0.000000000000000000e+00,0.000000000000000000e+00,0.000000000000000000e+00,1.112641196835948976e-01,2.323018121173930309e-03,0.000000000000000000e+00,6.203747027051272067e-02,0.000000000000000000e+00,0.000000000000000000e+00,1.458967676915477740e-01,6.748008418826491827e-05,1.022142031331601253e-01,9.516852504255278455e-02,0.000000000000000000e+00,1.857707944995645732e-02,0.000000000000000000e+00,7.062765828333214015e-03,1.045935998518592985e-05
0.000000000000000000e+00,1.180803603381870737e+00,1.090577641951986088e-01,0.000000000000000000e+00,0.000000000000000000e+00,0.000000000000000000e+00,8.771982655428608999e-02,0.000000000000000000e+00,1.210143513967069158e-04,1.098801434819072879e-02,0.000000000000000000e+00,0.000000000000000000e+00,0.000000000000000000e+00,0.000000000000000000e+00,6.273232398830473622e-02,7.207816359612347068e-02,2.015127785523048321e-03,1.188049281194772516e-01,4.337973924546376092e-02,0.000000000000000000e+00,0.000000000000000000e+00,7.647067784310497551e-02,0.000000000000000000e+00,8.791006451484158213e-02,3.532606872873752645e-03,0.000000000000000000e+00,3.477864563734647807e-02,0.000000000000000000e+00,1.292155735704355879e-01,8.259988102552845435e-02
1.558490559727676805e+00,3.271839741139223601e-01,0.000000000000000000e+00,0.000000000000000000e+00,1.940172609954503580e-01,2.384503087208901528e-02,0.000000000000000000e+00,4.565748723587199909e-02,7.702345663054578628e-02,0.000000000000000000e+00,1.486183141528834573e-01,3.262936736702802543e-02,3.972454641099473771e-01,3.838801345322300634e-02,0.000000000000000000e+00,0.000000000000000000e+00,2.521578181447421338e-02,5.603158352949025485e-03,2.303150065580243395e-03,1.263716801408950501e-03,0.000000000000000000e+00,0.000000000000000000e+00,2.874138614680700754e-01,2.050240849227603565e-02,0.000000000000000000e+00,1.054250163951696712e-01,3.252058661113909005e-04,0.000000000000000000e+00,3.391825575520460850e-02,6.254765427325652272e-02
0.000000000000000000e+00,3.633727051299437145e-03,5.503616573169460846e-01,1.051631730315686075e-01,0.000000000000000000e+00,0.000000000000000000e+00,2.702576409577917352e-02,0.000000000000000000e+00,0.000000000000000000e+00,5.188925259682994340e-02,0.000000000000000000e+00,1.293861040032772379e-02,0.000000000000000000e+00,0.000000000000000000e+00,4.664676596322872570e-03,7.421566653141832559e-02,3.978524917413438396e-03,0.000000000000000000e+00,2.558053946587923733e-02,6.134274389133002187e-03,0.000000000000000000e+00,3.489088487427415008e-02,1.870774100130619523e-04,1.100538984527256597e-01,5.524112139104798286e-02,2.450181121567382198e-04,1.170166009004903682e-02,0.000000000000000000e+00,0.000000000000000000e+00,0.000000000000000000e+00
0.000000000000000000e+00,0.000000000000000000e+00,3.494751858337006301e-01,2.846329478380439995e-02,1.430641152704345553e-03,0.000000000000000000e+00,2.764721441381687295e-01,0.000000000000000000e+00,0.000000000000000000e+00,2.949120400009440715e-02,0.000000000000000000e+00,0.000000000000000000e+00,0.000000000000000000e+00,0.000000000000000000e+00,0.000000000000000000e+00,9.131947220581200508e-02,0.000000000000000000e+00,0.000000000000000000e+00,3.085639902190313519e-02,0.000000000000000000e+00,0.000000000000000000e+00,1.397846841355477460e-02,0.000000000000000000e+00,1.116015866764672945e-02,3.259180316733672339e-02,0.000000000000000000e+00,7.214955138038156753e-03,1.060806008352022239e-01,1.263199251132133064e-02,6.204641377549322684e-02
1.063900864251647649e+00,3.133753169711827047e-01,3.878822256236314631e-02,1.459865123518105760e-02,0.000000000000000000e+00,1.095940573290500770e-02,3.356839171250365628e-02,1.203066235082754371e-01,1.829718268076592491e-01,9.932077024333182264e-03,2.847006132230200937e-01,4.381139034174193897e-03,0.000000000000000000e+00,6.799284150795491255e-02,5.027308946912997234e-01,6.046866879643572959e-03,2.215517463302605627e-01,3.394148629161169994e-02,0.000000000000000000e+00,2.409910470811768290e-01,0.000000000000000000e+00,1.924230126165912824e-02,1.067002995000374266e-01,5.758212949024769109e-04,2.924673240539113830e-02,1.104381096557692371e-01,0.000000000000000000e+00,1.789702171238370942e-01,0.000000000000000000e+00,1.003432260521974206e-01
0.000000000000000000e+00,7.940983675009026799e-01,0.000000000000000000e+00,1.962185525926148089e-01,0.000000000000000000e+00,0.000000000000000000e+00,1.237695815097399760e-03,1.834331193607281708e-03,0.000000000000000000e+00,3.692970890377124307e-03,4.711442019897146838e-01,6.094232310659294938e-03,0.000000000000000000e+00,9.702865795588524068e-04,0.000000000000000000e+00,0.000000000000000000e+00,0.000000000000000000e+00,9.776508402044425798e-05,0.000000000000000000e+00,0.000000000000000000e+00,5.966934805277870346e-01,0.000000000000000000e+00,3.719982424351182537e-01,0.000000000000000000e+00,2.749332550351242521e-02,1.553405057970919795e-02,0.000000000000000000e+00,0.000000000000000000e+00,0.000000000000000000e+00,2.521240380927482205e-02
1.021969195465571190e+00,2.529068559342917411e-01,0.000000000000000000e+00,9.919515882272217366e-03,1.727100193097307890e-01,0.000000000000000000e+00,0.000000000000000000e+00,0.000000000000000000e+00,9.527029379997609126e-02,0.000000000000000000e+00,1.191183300870611028e-01,3.568625564148129869e-02,3.583520768581566762e-01,0.000000000000000000e+00,1.687824108299227147e-02,5.403966125392274103e-05,1.009986430135470792e-01,1.314566553528750438e-02,3.558995875735165501e-03,1.058146387869031944e-02,4.765215187957572845e-03,0.000000000000000000e+00,1.669667984313741027e-01,0.000000000000000000e+00,0.000000000000000000e+00,1.758647674186728307e-02,0.000000000000000000e+00,5.125745454823483344e-02,1.172592506530043682e-02,5.328337036800665644e-03
4.469202343605057498e-02,0.000000000000000000e+00,0.000000000000000000e+00,7.074548118166368305e-02,8.804720493226941835e-02,2.960604707857871221e-01,0.000000000000000000e+00,0.000000000000000000e+00,0.000000000000000000e+00,0.000000000000000000e+00,0.000000000000000000e+00,1.309139667422704878e-01,8.582425837129652180e-02,1.659842682463869568e-01,0.000000000000000000e+00,7.404093974657562083e-02,6.833824295570073253e-03,0.000000000000000000e+00,0.000000000000000000e+00,0.000000000000000000e+00,0.000000000000000000e+00,6.668625269193960425e-02,1.788322094050096844e-01,1.484185272561941993e-01,3.562812186425915600e-02,9.800723631687659199e-02,0.000000000000000000e+00,5.960846844836505815e-02,0.000000000000000000e+00,0.000000000000000000e+00
4.945745615736426570e-01,0.000000000000000000e+00,9.024967457757181177e-02,1.196726494039383575e-02,9.566947348615005564e-02,0.000000000000000000e+00,0.000000000000000000e+00,1.039034120332130162e-01,0.000000000000000000e+00,3.423127829674794346e-03,0.000000000000000000e+00,0.000000000000000000e+00,2.801244731508985633e-02,4.276375946732353661e-01,0.000000000000000000e+00,0.000000000000000000e+00,2.324696727881458425e-01,0.000000000000000000e+00,2.900480029590386463e-02,0.000000000000000000e+00,0.000000000000000000e+00,0.000000000000000000e+00,1.529141029365796434e-01,1.200754267619811994e-01,6.085422260581561243e-02,1.843506136698173370e-01,1.458737788887284718e-02,2.983704357765804560e-01,6.767090077854934216e-03,7.691318502291963344e-02
0.000000000000000000e+00,0.000000000000000000e+00,1.554655347388204101e-01,1.087598609951161664e-02,2.002456372517657027e-03,0.000000000000000000e+00,2.478508648926148195e-01,0.000000000000000000e+00,0.000000000000000000e+00,1.569090697382421323e-02,0.000000000000000000e+00,0.000000000000000000e+00,0.000000000000000000e+00,0.000000000000000000e+00,0.000000000000000000e+00,7.563774466588878143e-02,1.627447606195899432e-03,0.000000000000000000e+00,0.000000000000000000e+00,0.000000000000000000e+00,0.000000000000000000e+00,2.507384552480488443e-02,0.000000000000000000e+00,0.000000000000000000e+00,2.066717286173418763e-03,0.000000000000000000e+00,5.980656948888608306e-03,2.438905719316868548e-03,2.358021369755344820e-02,6.206822630364199761e-02
1.153371089182465559e+00,7.118111818277139680e-02,0.000000000000000000e+00,2.505843147681486444e-02,3.530231309311145094e-02,1.597055093639199730e-01,0.000000000000000000e+00,1.995124800650465158e-01,2.327433786424608908e-01,0.000000000000000000e+00,2.289176092715320965e-01,2.351896902854726940e-02,0.000000000000000000e+00,1.078686231383233357e-01,3.887506280086774901e-01,0.000000000000000000e+00,0.000000000000000000e+00,0.000000000000000000e+00,0.000000000000000000e+00,4.608394700943065081e-02,9.378584606357773593e-03,0.000000000000000000e+00,7.621179783845080657e-02,2.796065008157881671e-02,0.000000000000000000e+00,1.454312849864564383e-01,1.636495867118978364e-03,1.673593935891926621e-01,1.572394187371431700e-03,2.066719428695307573e-02
0.000000000000000000e+00,7.710694960887812810e-01,2.664436136261508214e-01,0.000000000000000000e+00,0.000000000000000000e+00,0.000000000000000000e+00,0.000000000000000000e+00,0.000000000000000000e+00,8.603829588980006771e-02,0.000000000000000000e+00,0.000000000000000000e+00,0.000000000000000000e+00,0.000000000000000000e+00,0.000000000000000000e+00,0.000000000000000000e+00,1.554012100455515362e-02,0.000000000000000000e+00,5.724792143364251101e-02,3.192550765123879086e-02,1.260051652522795572e-02,0.000000000000000000e+00,8.050052286024619863e-02,0.000000000000000000e+00,2.701598735419949091e-02,0.000000000000000000e+00,0.000000000000000000e+00,3.829042094518660816e-02,0.000000000000000000e+00,9.142786516044747180e-02,4.246557139008283466e-02
0.000000000000000000e+00,0.000000000000000000e+00,0.000000000000000000e+00,2.268053119195953260e-01,0.000000000000000000e+00,5.241532911266360249e-03,0.000000000000000000e+00,0.000000000000000000e+00,6.897271640618201673e-03,0.000000000000000000e+00,4.867234375301586202e-01,0.000000000000000000e+00,0.000000000000000000e+00,0.000000000000000000e+00,8.859682671472371646e-04,0.000000000000000000e+00,0.000000000000000000e+00,0.000000000000000000e+00,0.000000000000000000e+00,0.000000000000000000e+00,4.445403634850562113e-01,0.000000000000000000e+00,2.246273777644616776e-01,1.071902246240085885e-02,5.323021595534119244e-03,0.000000000000000000e+00,6.807114270025934298e-03,8.778411904199354132e-02,0.000000000000000000e+00,8.664750395573020403e-02
0.000000000000000000e+00,0.000000000000000000e+00,0.000000000000000000e+00,0.000000000000000000e+00,6.616229246755057913e-02,0.000000000000000000e+00,0.000000000000000000e+00,0.000000000000000000e+00,0.000000000000000000e+00,0.000000000000000000e+00,0.000000000000000000e+00,2.226685840607547651e-01,0.000000000000000000e+00,8.754725023528472927e-02,6.511331115539266065e-04,0.000000000000000000e+00,2.240047163688912036e-03,0.000000000000000000e+00,0.000000000000000000e+00,0.000000000000000000e+00,0.000000000000000000e+00,1.669315343134918431e-02,1.440212012806107722e-01,0.000000000000000000e+00,0.000000000000000000e+00,1.798036340229922370e-01,3.319846826615045765e-02,9.712729265274218371e-02,1.304815182982999380e-02,5.378686886318713445e-02
2.208470064462200906e-03,0.000000000000000000e+00,9.654935791466627559e-02,2.020084562955329621e-01,0.000000000000000000e+00,0.000000000000000000e+00,9.252547363364050509e-03,0.000000000000000000e+00,1.329965973742359934e-05,1.272373050568603725e-01,0.000000000000000000e+00,0.000000000000000000e+00,0.000000000000000000e+00,0.000000000000000000e+00,0.000000000000000000e+00,2.652718535086718427e-02,0.000000000000000000e+00,7.702571545957986816e-06,3.360479169772971619e-02,0.000000000000000000e+00,0.000000000000000000e+00,1.118885099116988108e-01,1.997418113749486438e-04,0.000000000000000000e+00,1.253995068983924759e-02,0.000000000000000000e+00,7.682625769072182892e-03,0.000000000000000000e+00,2.569273910220429800e-03,0.000000000000000000e+00
0.000000000000000000e+00,4.196721760269103360e-04,2.346169781113053091e-02,6.096694669842877418e-02,0.000000000000000000e+00,0.000000000000000000e+00,0.000000000000000000e+00,0.000000000000000000e+00,0.000000000000000000e+00,9.736036693667654562e-03,0.000000000000000000e+00,7.956839260566363897e-03,0.000000000000000000e+00,0.000000000000000000e+00,0.000000000000000000e+00,0.000000000000000000e+00,8.195208801086558900e-03,5.896672835435236987e-02,9.495947192827662933e-03,0.000000000000000000e+00,0.000000000000000000e+00,5.966574731117183644e-02,0.000000000000000000e+00,5.546506354261693944e-02,1.250778022572616999e-01,3.688588866802439137e-02,3.175192118209766573e-02,0.000000000000000000e+00,4.770002130530416953e-03,4.129302454856235982e-02
1.146260016280096661e+00,2.015471385424778272e-01,0.000000000000000000e+00,1.502168699828532357e-02,6.280653748765227529e-03,1.649159448295419994e-01,0.000000000000000000e+00,1.270866757451487306e-01,2.058028289897753937e-01,0.000000000000000000e+00,2.321928430780235142e-01,0.000000000000000000e+00,0.000000000000000000e+00,0.000000000000000000e+00,3.932896646490096071e-01,0.000000000000000000e+00,0.000000000000000000e+00,0.000000000000000000e+00,0.000000000000000000e+00,3.375364589626273643e-02,3.639355888782749154e-02,6.711024453570708015e-04,7.457959176667648682e-02,0.000000000000000000e+00,0.000000000000000000e+00,8.138143499394874525e-02,0.000000000000000000e+00,8.112921802798661597e-02,0.000000000000000000e+00,1.972412784120632090e-02
0.000000000000000000e+00,0.000000000000000000e+00,1.858630767264558559e-01,6.757798702299368243e-02,0.000000000000000000e+00,0.000000000000000000e+00,2.944182495253120681e-03,0.000000000000000000e+00,1.008746455294761020e-04,3.691393270084583622e-02,6.816930631515372022e-04,0.000000000000000000e+00,0.000000000000000000e+00,0.000000000000000000e+00,0.000000000000000000e+00,1.358965474955520399e-02,0.000000000000000000e+00,0.000000000000000000e+00,3.467831521491825109e-02,0.000000000000000000e+00,0.000000000000000000e+00,4.422590654171677099e-02,0.000000000000000000e+00,0.000000000000000000e+00,4.739896271616322702e-03,0.000000000000000000e+00,8.087300489502024375e-03,4.122189736560121550e-04,0.000000000000000000e+00,8.101345052203621000e-06
0.000000000000000000e+00,0.000000000000000000e+00,3.953626617591746856e-02,4.042165632331844866e-02,0.000000000000000000e+00,6.773037251890903407e-05,0.000000000000000000e+00,0.000000000000000000e+00,0.000000000000000000e+00,5.250849896373759734e-02,0.000000000000000000e+00,0.000000000000000000e+00,0.000000000000000000e+00,0.000000000000000000e+00,0.000000000000000000e+00,3.936106950893630829e-02,4.611460074833543827e-04,0.000000000000000000e+00,0.000000000000000000e+00,0.000000000000000000e+00,0.000000000000000000e+00,2.366163327768487992e-02,1.426412717264572694e-01,1.360942035768604730e-01,4.275931860821943764e-02,2.423680020058213008e-02,2.510358991385133395e-02,9.979206960375661128e-02,0.000000000000000000e+00,2.070916627694231391e-02
0.000000000000000000e+00,3.029837362080221776e-03,2.033167541036240977e-01,2.236697024211745446e-02,2.603562571328954436e-03,1.376080371395244485e-04,2.068097833674640007e-01,0.000000000000000000e+00,0.000000000000000000e+00,5.017316163985137065e-03,2.038230791475622704e-03,0.000000000000000000e+00,0.000000000000000000e+00,0.000000000000000000e+00,0.000000000000000000e+00,0.000000000000000000e+00,0.000000000000000000e+00,0.000000000000000000e+00,0.000000000000000000e+00,0.000000000000000000e+00,0.000000000000000000e+00,2.278674258384791665e-02,0.000000000000000000e+00,0.000000000000000000e+00,3.569109794376895683e-02,0.000000000000000000e+00,7.476183913729551184e-03,9.769087898822448324e-02,0.000000000000000000e+00,6.200635260083177391e-02
0.000000000000000000e+00,0.000000000000000000e+00,2.035111541915184119e-01,1.237875793699404203e-02,0.000000000000000000e+00,0.000000000000000000e+00,2.745991149160594696e-02,0.000000000000000000e+00,0.000000000000000000e+00,1.603008149011846128e-02,0.000000000000000000e+00,0.000000000000000000e+00,0.000000000000000000e+00,0.000000000000000000e+00,1.854443299657998392e-03,8.473870328135948982e-02,0.000000000000000000e+00,4.970188371127342783e-04,3.109784053578029672e-02,0.000000000000000000e+00,0.000000000000000000e+00,0.000000000000000000e+00,0.000000000000000000e+00,6.659513894617751124e-03,1.468648764757146197e-03,0.000000000000000000e+00,3.739413180153716080e-04,4.047315290238638792e-03,3.646142025689325886e-03,0.000000000000000000e+00
0.000000000000000000e+00,1.101411716507410318e-03,0.000000000000000000e+00,2.062732414723894847e-01,0.000000000000000000e+00,0.000000000000000000e+00,0.000000000000000000e+00,2.174654651046296124e-03,0.000000000000000000e+00,1.923641023891217369e-02,3.004178572689554559e-04,0.000000000000000000e+00,0.000000000000000000e+00,0.000000000000000000e+00,1.218173523791962190e-03,0.000000000000000000e+00,0.000000000000000000e+00,0.000000000000000000e+00,0.000000000000000000e+00,0.000000000000000000e+00,5.363285017694447987e-01,0.000000000000000000e+00,1.328427065174972999e-01,1.214778224605015701e-02,0.000000000000000000e+00,1.463359755352695120e-03,0.000000000000000000e+00,0.000000000000000000e+00,0.000000000000000000e+00,7.369258098623418518e-03
0.000000000000000000e+00,0.000000000000000000e+00,0.000000000000000000e+00,6.557150698921267173e-02,0.000000000000000000e+00,6.778883617470120911e-04,0.000000000000000000e+00,0.000000000000000000e+00,0.000000000000000000e+00,2.133713451059832469e-03,0.000000000000000000e+00,0.000000000000000000e+00,0.000000000000000000e+00,0.000000000000000000e+00,0.000000000000000000e+00,0.000000000000000000e+00,0.000000000000000000e+00,5.938702813893779325e-02,6.324881573591251832e-03,2.684440853761748541e-03,0.000000000000000000e+00,6.465135823144857463e-02,0.000000000000000000e+00,3.849201067132531490e-02,1.044240597398416459e-01,2.213381459410202964e-02,2.236530127051612055e-02,0.000000000000000000e+00,0.000000000000000000e+00,4.124369009891241250e-02
0.000000000000000000e+00,0.000000000000000000e+00,0.000000000000000000e+00,5.968898821390600934e-02,0.000000000000000000e+00,3.899149505797984850e-03,0.000000000000000000e+00,0.000000000000000000e+00,5.601397784198275907e-03,3.309111847764918159e-03,0.000000000000000000e+00,0.000000000000000000e+00,0.000000000000000000e+00,0.000000000000000000e+00,6.438819877501607107e-03,0.000000000000000000e+00,0.000000000000000000e+00,0.000000000000000000e+00,0.000000000000000000e+00,0.000000000000000000e+00,4.456230191315889710e-01,0.000000000000000000e+00,1.336573383984166197e-01,0.000000000000000000e+00,3.951620406203102710e-03,0.000000000000000000e+00,0.000000000000000000e+00,0.000000000000000000e+00,0.000000000000000000e+00,2.342685690961954486e-03
0.000000000000000000e+00,0.000000000000000000e+00,0.000000000000000000e+00,4.095021048346245834e-02,2.049073132677201731e-02,0.000000000000000000e+00,0.000000000000000000e+00,1.683899897603941898e-03,0.000000000000000000e+00,0.000000000000000000e+00,8.872100812548583491e-04,1.213467242507364208e-01,0.000000000000000000e+00,8.369415884975296704e-02,0.000000000000000000e+00,3.639785401337645304e-02,0.000000000000000000e+00,0.000000000000000000e+00,0.000000000000000000e+00,0.000000000000000000e+00,1.713459522074491093e-02,4.387038530331353881e-02,1.435317164404046331e-01,7.759362948456823006e-02,0.000000000000000000e+00,9.942458395381402469e-02,1.612210215153898158e-03,8.327433025657293708e-02,0.000000000000000000e+00,5.806626222449885397e-03
0.000000000000000000e+00,7.671631126058912594e-04,1.511554242478970467e-01,3.523512862878477349e-03,0.000000000000000000e+00,0.000000000000000000e+00,3.489454475485426893e-02,0.000000000000000000e+00,0.000000000000000000e+00,4.636152258272428772e-03,0.000000000000000000e+00,0.000000000000000000e+00,4.746247558908198681e-03,2.900161533760432613e-03,6.672000160013567827e-02,2.475416630790354226e-03,0.000000000000000000e+00,6.207255530066398824e-02,0.000000000000000000e+00,0.000000000000000000e+00,0.000000000000000000e+00,0.000000000000000000e+00,0.000000000000000000e+00,2.032419113912366931e-02,2.342413773561986823e-02,2.170531020669141595e-03,0.000000000000000000e+00,2.099357383442617964e-01,3.029762325377625097e-03,4.841839854824275813e-02
0.000000000000000000e+00,0.000000000000000000e+00,1.125540472447237178e-01,0.000000000000000000e+00,4.111153549874891483e-03,0.000000000000000000e+00,1.856312270485390714e-01,0.000000000000000000e+00,3.811673992851971279e-05,1.750993062999358502e-03,0.000000000000000000e+00,0.000000000000000000e+00,0.000000000000000000e+00,1.725960342188565151e-03,1.217250454271120086e-03,5.238150158435781432e-04,1.022312608437284977e-03,3.541755099402877261e-04,0.000000000000000000e+00,0.000000000000000000e+00,0.000000000000000000e+00,2.844313239418361228e-02,0.000000000000000000e+00,0.000000000000000000e+00,7.046502711561460422e-03,0.000000000000000000e+00,8.584361811054529515e-03,5.684196847999359835e-03,0.000000000000000000e+00,6.164824034319395935e-02
0.000000000000000000e+00,0.000000000000000000e+00,0.000000000000000000e+00,1.103558781609132872e-01,0.000000000000000000e+00,0.000000000000000000e+00,4.962853365505900428e-03,0.000000000000000000e+00,0.000000000000000000e+00,0.000000000000000000e+00,0.000000000000000000e+00,1.165194935522384859e-02,0.000000000000000000e+00,0.000000000000000000e+00,0.000000000000000000e+00,0.000000000000000000e+00,0.000000000000000000e+00,0.000000000000000000e+00,4.177615701566478063e-04,0.000000000000000000e+00,2.967897118215306884e-01,0.000000000000000000e+00,6.394196333918586439e-02,1.420682788487087622e-02,0.000000000000000000e+00,0.000000000000000000e+00,6.113360245335390866e-03,0.000000000000000000e+00,0.000000000000000000e+00,6.459971058280304657e-02
0.000000000000000000e+00,0.000000000000000000e+00,0.000000000000000000e+00,0.000000000000000000e+00,1.639575181999106471e-02,0.000000000000000000e+00,0.000000000000000000e+00,0.000000000000000000e+00,0.000000000000000000e+00,1.676382170816942060e-02,0.000000000000000000e+00,6.844199188226696151e-02,0.000000000000000000e+00,0.000000000000000000e+00,0.000000000000000000e+00,8.142510602665653865e-03,0.000000000000000000e+00,0.000000000000000000e+00,0.000000000000000000e+00,0.000000000000000000e+00,0.000000000000000000e+00,0.000000000000000000e+00,3.613061112273499077e-04,4.429731796827549029e-02,2.437017329989982911e-02,0.000000000000000000e+00,1.910410562807561552e-02,1.055856695015970625e-01,2.890747069205165838e-03,2.077268867305827327e-02
0.000000000000000000e+00,1.929461167640293727e-03,0.000000000000000000e+00,2.038493618383020040e-02,0.000000000000000000e+00,0.000000000000000000e+00,0.000000000000000000e+00,0.000000000000000000e+00,0.000000000000000000e+00,6.715113568572119926e-03,0.000000000000000000e+00,2.332577578408260438e-02,0.000000000000000000e+00,0.000000000000000000e+00,0.000000000000000000e+00,7.368615865016999236e-03,2.750089034186779541e-03,0.000000000000000000e+00,1.364870935784784529e-02,1.605263641531396585e-02,0.000000000000000000e+00,4.233907883501766833e-02,0.000000000000000000e+00,0.000000000000000000e+00,0.000000000000000000e+00,0.000000000000000000e+00,4.333674022330784997e-02,0.000000000000000000e+00,1.311523568695519698e-02,0.000000000000000000e+00
2.827102325448419798e-04,2.341449577615473902e-03,0.000000000000000000e+00,1.625596705364826602e-02,1.834110655430845789e-03,0.000000000000000000e+00,0.000000000000000000e+00,0.000000000000000000e+00,0.000000000000000000e+00,0.000000000000000000e+00,0.000000000000000000e+00,9.431114659433049996e-02,1.003741806318183280e-03,8.557726986553780557e-02,9.249984743524916760e-05,3.168669124918576524e-02,0.000000000000000000e+00,0.000000000000000000e+00,0.000000000000000000e+00,0.000000000000000000e+00,1.723434192400894599e-02,4.182283767777882078e-02,1.435372222673199916e-01,5.721150392907378701e-02,0.000000000000000000e+00,6.885877134397601351e-02,2.227269009520493426e-04,8.007918409800572623e-02,0.000000000000000000e+00,5.590364237963853060e-03
0.000000000000000000e+00,0.000000000000000000e+00,1.161402935499638717e-01,4.525834950293674414e-02,0.000000000000000000e+00,0.000000000000000000e+00,0.000000000000000000e+00,0.000000000000000000e+00,0.000000000000000000e+00,4.312782304213373663e-02,5.274492264933311816e-04,0.000000000000000000e+00,0.000000000000000000e+00,0.000000000000000000e+00,2.198208686298579705e-03,1.210901492134143324e-02,0.000000000000000000e+00,0.000000000000000000e+00,0.000000000000000000e+00,0.000000000000000000e+00,0.000000000000000000e+00,1.131173984951894425e-03,0.000000000000000000e+00,8.195923907528057661e-02,0.000000000000000000e+00,0.000000000000000000e+00,2.011018093235991677e-03,0.000000000000000000e+00,0.000000000000000000e+00,0.000000000000000000e+00
0.000000000000000000e+00,0.000000000000000000e+00,0.000000000000000000e+00,1.176242530131294123e-01,0.000000000000000000e+00,2.476452136846689768e-04,1.562362211480968887e-03,0.000000000000000000e+00,0.000000000000000000e+00,8.100226869332249890e-02,0.000000000000000000e+00,3.869590212708164269e-05,0.000000000000000000e+00,0.000000000000000000e+00,0.000000000000000000e+00,0.000000000000000000e+00,0.000000000000000000e+00,1.393684484621712729e-04,0.000000000000000000e+00,0.000000000000000000e+00,0.000000000000000000e+00,6.532664260999243577e-02,0.000000000000000000e+00,0.000000000000000000e+00,0.000000000000000000e+00,0.000000000000000000e+00,0.000000000000000000e+00,0.000000000000000000e+00,0.000000000000000000e+00,0.000000000000000000e+00
0.000000000000000000e+00,0.000000000000000000e+00,1.751596997131024680e-01,1.739909186068303720e-02,0.000000000000000000e+00,0.000000000000000000e+00,1.483347060325512431e-02,0.000000000000000000e+00,0.000000000000000000e+00,6.723098137090788642e-03,0.000000000000000000e+00,0.000000000000000000e+00,0.000000000000000000e+00,0.000000000000000000e+00,0.000000000000000000e+00,6.557239580813656321e-02,0.000000000000000000e+00,0.000000000000000000e+00,5.952508296301516543e-04,0.000000000000000000e+00,0.000000000000000000e+00,0.000000000000000000e+00,0.000000000000000000e+00,0.000000000000000000e+00,0.000000000000000000e+00,0.000000000000000000e+00,0.000000000000000000e+00,0.000000000000000000e+00,9.054457358275634984e-03,0.000000000000000000e+00
0.000000000000000000e+00,3.895828876467174063e-03,0.000000000000000000e+00,0.000000000000000000e+00,4.231425296231509925e-02,3.976617539118172846e-03,0.000000000000000000e+00,0.000000000000000000e+00,0.000000000000000000e+00,1.105213210300898946e-02,0.000000000000000000e+00,8.431971436306381906e-02,8.639622212688321358e-07,0.000000000000000000e+00,0.000000000000000000e+00,9.150172254207248820e-03,2.540288022605776685e-01,0.000000000000000000e+00,0.000000000000000000e+00,0.000000000000000000e+00,5.462089339903650198e-03,0.000000000000000000e+00,3.915167576115341193e-04,4.208553662167544701e-02,1.983126979820025448e-02,7.156372922637889954e-05,7.221638129097269175e-03,1.021385398587908583e-01,0.000000000000000000e+00,0.000000000000000000e+00
0.000000000000000000e+00,7.787310609537174619e-03,1.320981015159692906e-01,7.858294983168244777e-03,0.000000000000000000e+00,0.000000000000000000e+00,2.077008352187585671e-02,0.000000000000000000e+00,0.000000000000000000e+00,2.797460148045818645e-04,0.000000000000000000e+00,2.260098561230383175e-04,7.523248751824620530e-03,0.000000000000000000e+00,5.801345758348588899e-02,6.636683435760735864e-04,0.000000000000000000e+00,6.011801769184828281e-02,0.000000000000000000e+00,1.260804248051692169e-03,0.000000000000000000e+00,0.000000000000000000e+00,0.000000000000000000e+00,0.000000000000000000e+00,1.715733626270254247e-02,4.129810215612638238e-03,0.000000000000000000e+00,2.032423216618904072e-01,0.000000000000000000e+00,8.613092767034861985e-03
0.000000000000000000e+00,3.226324727082477591e-03,0.000000000000000000e+00,9.237941200796266064e-04,5.044010854391241597e-03,0.000000000000000000e+00,2.391515720991610472e-02,0.000000000000000000e+00,0.000000000000000000e+00,1.783829084420789817e-04,0.000000000000000000e+00,0.000000000000000000e+00,0.000000000000000000e+00,6.411795195674470371e-02,0.000000000000000000e+00,5.213096713538882022e-03,0.000000000000000000e+00,5.525246415316107523e-02,1.938205314085200137e-01,6.680369062962136784e-02,0.000000000000000000e+00,9.582903864683340808e-03,7.054287421039055848e-04,0.000000000000000000e+00,6.322045242314484545e-03,3.091912445972552336e-03,0.000000000000000000e+00,7.209649043353925923e-02,0.000000000000000000e+00,3.283505346053260804e-02
0.000000000000000000e+00,6.082638045604816602e-04,0.000000000000000000e+00,1.271764120420944000e-01,0.000000000000000000e+00,0.000000000000000000e+00,7.534061675925149935e-03,1.514403726279694908e-03,0.000000000000000000e+00,2.515960292251559678e-04,4.785479954171913963e-01,1.082388094511682088e-02,0.000000000000000000e+00,0.000000000000000000e+00,0.000000000000000000e+00,0.000000000000000000e+00,0.000000000000000000e+00,0.000000000000000000e+00,0.000000000000000000e+00,0.000000000000000000e+00,4.319389541372676417e-02,0.000000000000000000e+00,9.268805309736352638e-02,3.692905375296254809e-03,0.000000000000000000e+00,0.000000000000000000e+00,7.341147443613560940e-03,0.000000000000000000e+00,0.000000000000000000e+00,6.497685501971811606e-02
0.000000000000000000e+00,0.000000000000000000e+00,0.000000000000000000e+00,4.778028415761666203e-02,0.000000000000000000e+00,0.000000000000000000e+00,8.163000887494217123e-03,0.000000000000000000e+00,0.000000000000000000e+00,3.017826668766269982e-02,0.000000000000000000e+00,0.000000000000000000e+00,0.000000000000000000e+00,0.000000000000000000e+00,0.000000000000000000e+00,6.756451338971191517e-03,0.000000000000000000e+00,3.381103891875961317e-04,2.371684279298087467e-03,0.000000000000000000e+00,1.466347433450137334e-03,3.252076470569015970e-02,0.000000000000000000e+00,0.000000000000000000e+00,0.000000000000000000e+00,0.000000000000000000e+00,8.372254606006593195e-04,8.844510351498781993e-04,0.000000000000000000e+00,0.000000000000000000e+00
0.000000000000000000e+00,0.000000000000000000e+00,0.000000000000000000e+00,0.000000000000000000e+00,0.000000000000000000e+00,0.000000000000000000e+00,0.000000000000000000e+00,0.000000000000000000e+00,0.000000000000000000e+00,0.000000000000000000e+00,0.000000000000000000e+00,0.000000000000000000e+00,0.000000000000000000e+00,9.600426099773420874e-02,0.000000000000000000e+00,0.000000000000000000e+00,0.000000000000000000e+00,3.201846308639463845e-02,5.175474648799348321e-02,4.787064718528828422e-01,0.000000000000000000e+00,2.402731732861629679e-02,3.526674010382671869e-04,2.378613635732797216e-02,1.702046924281039320e-02,0.000000000000000000e+00,0.000000000000000000e+00,0.000000000000000000e+00,1.916828822115719880e-03,3.534795139452231311e-02
0.000000000000000000e+00,4.511763673959516031e-03,2.015733561042078528e-02,3.987856736745482022e-02,0.000000000000000000e+00,0.000000000000000000e+00,3.539659335393771037e-03,0.000000000000000000e+00,0.000000000000000000e+00,1.163896708956899291e-02,0.000000000000000000e+00,1.256501526413952505e-02,0.000000000000000000e+00,0.000000000000000000e+00,0.000000000000000000e+00,0.000000000000000000e+00,3.643961666971206378e-03,0.000000000000000000e+00,0.000000000000000000e+00,0.000000000000000000e+00,0.000000000000000000e+00,2.803787817344229397e-02,6.271302581253880831e-04,2.750092843439188271e-03,9.547588428026705654e-02,6.712312491993368581e-03,3.588509110292703932e-03,0.000000000000000000e+00,1.716631253810333140e-03,0.000000000000000000e+00
0.000000000000000000e+00,0.000000000000000000e+00,0.000000000000000000e+00,1.897035630326632250e-02,0.000000000000000000e+00,1.750453963003286827e-04,0.000000000000000000e+00,0.000000000000000000e+00,7.998313950015708195e-04,0.000000000000000000e+00,0.000000000000000000e+00,0.000000000000000000e+00,0.000000000000000000e+00,0.000000000000000000e+00,0.000000000000000000e+00,0.000000000000000000e+00,0.000000000000000000e+00,6.033122085748524738e-02,8.035846908235715069e-03,5.739623196319420259e-04,0.000000000000000000e+00,2.742803751243736918e-02,1.533152956932810906e-04,4.429064310695613599e-02,2.445622716793970780e-02,2.947151074397405535e-02,2.675910721629724126e-02,0.000000000000000000e+00,0.000000000000000000e+00,0.000000000000000000e+00
5.367451110126111313e-01,0.000000000000000000e+00,0.000000000000000000e+00,0.000000000000000000e+00,2.002056517625234230e-03,0.000000000000000000e+00,1.410698578270378097e-02,4.830152278146212369e-02,0.000000000000000000e+00,0.000000000000000000e+00,0.000000000000000000e+00,1.724458594059131294e-02,6.089365814302621221e-03,4.541194934395649530e-02,5.557171919985715719e-03,0.000000000000000000e+00,0.000000000000000000e+00,1.257526684984578954e-04,0.000000000000000000e+00,0.000000000000000000e+00,0.000000000000000000e+00,1.700714537370372681e-03,1.310791124706492117e-01,0.000000000000000000e+00,8.652900465512156428e-03,9.486602120053069798e-02,1.068038169268824625e-02,0.000000000000000000e+00,1.370194711624369947e-02,3.313389718827662589e-02
0.000000000000000000e+00,0.000000000000000000e+00,0.000000000000000000e+00,2.236510322325318753e-02,2.788415791840448410e-02,0.000000000000000000e+00,2.101459667716784878e-04,0.000000000000000000e+00,0.000000000000000000e+00,2.265732027838259323e-04,0.000000000000000000e+00,1.975796664547583778e-02,0.000000000000000000e+00,0.000000000000000000e+00,0.000000000000000000e+00,0.000000000000000000e+00,6.753718272520550098e-03,0.000000000000000000e+00,0.000000000000000000e+00,0.000000000000000000e+00,0.000000000000000000e+00,1.170335054542536758e-02,1.424873059993752300e-01,4.735465319540639074e-03,0.000000000000000000e+00,1.071940964429661247e-01,3.510585022805329247e-02,0.000000000000000000e+00,0.000000000000000000e+00,7.579108907370893078e-06
0.000000000000000000e+00,3.026001618397507198e-03,0.000000000000000000e+00,0.000000000000000000e+00,2.990924580651554282e-02,0.000000000000000000e+00,1.433040001148602055e-02,6.416895606277982222e-02,0.000000000000000000e+00,1.220684350759982783e-03,0.000000000000000000e+00,1.700994408252981885e-02,0.000000000000000000e+00,1.906445607589535574e-01,0.000000000000000000e+00,3.038486658104284574e-03,1.538280036986430961e-02,0.000000000000000000e+00,5.014948889505228997e-03,3.961386630670926667e-02,0.000000000000000000e+00,0.000000000000000000e+00,0.000000000000000000e+00,1.021014477208411209e-01,3.383040137065317348e-03,0.000000000000000000e+00,0.000000000000000000e+00,1.574598108192604706e-01,3.048515922140603799e-03,1.869662256857696631e-02
0.000000000000000000e+00,0.000000000000000000e+00,0.000000000000000000e+00,5.688406928491984010e-02,0.000000000000000000e+00,6.594195371771586133e-04,1.043687320087137785e-02,0.000000000000000000e+00,1.023633395130384280e-03,0.000000000000000000e+00,2.131801744512183683e-03,1.224576984486649110e-02,0.000000000000000000e+00,0.000000000000000000e+00,0.000000000000000000e+00,0.000000000000000000e+00,0.000000000000000000e+00,0.000000000000000000e+00,1.344033392680655256e-03,0.000000000000000000e+00,2.478695439403615364e-01,0.000000000000000000e+00,6.527824673381824039e-02,0.000000000000000000e+00,0.000000000000000000e+00,0.000000000000000000e+00,2.458156666282677004e-03,0.000000000000000000e+00,0.000000000000000000e+00,4.328165553432510720e-02
0.000000000000000000e+00,0.000000000000000000e+00,8.009838325945313475e-02,1.131641984237256177e-02,0.000000000000000000e+00,0.000000000000000000e+00,5.420858286608636750e-03,0.000000000000000000e+00,0.000000000000000000e+00,1.097347152787307364e-02,0.000000000000000000e+00,0.000000000000000000e+00,0.000000000000000000e+00,0.000000000000000000e+00,0.000000000000000000e+00,4.871792096558016580e-03,0.000000000000000000e+00,4.868386332598753001e-05,3.532098502955557245e-02,0.000000000000000000e+00,1.917561186549180318e-03,7.397157029563183189e-03,0.000000000000000000e+00,0.000000000000000000e+00,3.889328953723725051e-03,0.000000000000000000e+00,5.467816634257476960e-04,1.096577677758056764e-03,0.000000000000000000e+00,0.000000000000000000e+00
0.000000000000000000e+00,0.000000000000000000e+00,0.000000000000000000e+00,1.884183858324514627e-02,3.494515717012718070e-02,2.664883064033607678e-03,0.000000000000000000e+00,0.000000000000000000e+00,0.000000000000000000e+00,5.250727274670845268e-03,0.000000000000000000e+00,8.061288378065835369e-03,0.000000000000000000e+00,0.000000000000000000e+00,0.000000000000000000e+00,2.372700965417980524e-03,2.599180563819085132e-01,0.000000000000000000e+00,1.274711590177408016e-03,0.000000000000000000e+00,0.000000000000000000e+00,0.000000000000000000e+00,0.000000000000000000e+00,2.149965182961854557e-02,2.906861765591256877e-02,5.886299287426653010e-02,8.538472697886623566e-03,2.053648734735884773e-01,0.000000000000000000e+00,7.838675130860296855e-06
0.000000000000000000e+00,0.000000000000000000e+00,0.000000000000000000e+00,0.000000000000000000e+00,1.976966965869274284e-02,0.000000000000000000e+00,0.000000000000000000e+00,4.270899364597558617e-03,0.000000000000000000e+00,0.000000000000000000e+00,2.067180619891630707e-03,1.115544326995919905e-01,0.000000000000000000e+00,8.161517079456631629e-02,0.000000000000000000e+00,0.000000000000000000e+00,0.000000000000000000e+00,0.000000000000000000e+00,0.000000000000000000e+00,0.000000000000000000e+00,3.334512340468554804e-03,1.056531092882108044e-02,0.000000000000000000e+00,0.000000000000000000e+00,0.000000000000000000e+00,1.058689152037352726e-01,0.000000000000000000e+00,8.810552077719599473e-02,0.000000000000000000e+00,1.146573056878893646e-02
0.000000000000000000e+00,0.000000000000000000e+00,1.031250431174472043e-01,3.340367454510806064e-03,0.000000000000000000e+00,0.000000000000000000e+00,2.132203381743533882e-02,0.000000000000000000e+00,0.000000000000000000e+00,0.000000000000000000e+00,0.000000000000000000e+00,0.000000000000000000e+00,0.000000000000000000e+00,6.298536064177776353e-04,1.965228000460199007e-03,7.813581434712398022e-02,0.000000000000000000e+00,0.000000000000000000e+00,0.000000000000000000e+00,0.000000000000000000e+00,0.000000000000000000e+00,0.000000000000000000e+00,0.000000000000000000e+00,8.305334060239061289e-03,0.000000000000000000e+00,0.000000000000000000e+00,0.000000000000000000e+00,1.012133969772693919e-03,3.773209586462919485e-03,0.000000000000000000e+00
0.000000000000000000e+00,0.000000000000000000e+00,0.000000000000000000e+00,1.960535659542225750e-02,0.000000000000000000e+00,5.155697064992975512e-04,0.000000000000000000e+00,0.000000000000000000e+00,6.880262317213385170e-04,0.000000000000000000e+00,4.071511047180490298e-04,0.000000000000000000e+00,0.000000000000000000e+00,0.000000000000000000e+00,0.000000000000000000e+00,0.000000000000000000e+00,0.000000000000000000e+00,5.982072174475978193e-02,4.747039763624316330e-03,3.574502821189456513e-03,0.000000000000000000e+00,2.904156876774677612e-02,0.000000000000000000e+00,3.325735183512775611e-02,2.382492930113322763e-02,2.275772554921994678e-02,2.231065511453735398e-02,0.000000000000000000e+00,0.000000000000000000e+00,0.000000000000000000e+00
2.726654939501929175e-03,0.000000000000000000e+00,0.000000000000000000e+00,4.170203422009415711e-02,0.000000000000000000e+00,0.000000000000000000e+00,1.215834567843263351e-03,1.619316084887824510e-04,0.000000000000000000e+00,6.166340460367373752e-03,0.000000000000000000e+00,2.284557782041504032e-03,0.000000000000000000e+00,0.000000000000000000e+00,0.000000000000000000e+00,0.000000000000000000e+00,5.421875594839657177e-03,0.000000000000000000e+00,0.000000000000000000e+00,0.000000000000000000e+00,0.000000000000000000e+00,2.922111925460503870e-02,0.000000000000000000e+00,4.657352761688295789e-03,7.592496129746828526e-02,0.000000000000000000e+00,0.000000000000000000e+00,0.000000000000000000e+00,1.416981381726002904e-03,0.000000000000000000e+00
0.000000000000000000e+00,0.000000000000000000e+00,1.427253900722288971e-02,0.000000000000000000e+00,3.658227412638241638e-02,0.000000000000000000e+00,0.000000000000000000e+00,3.761500873309308636e-03,0.000000000000000000e+00,5.558860505097396737e-03,4.785719333025989508e-03,4.502260559189522060e-02,0.000000000000000000e+00,0.000000000000000000e+00,0.000000000000000000e+00,6.884293393657370252e-03,0.000000000000000000e+00,0.000000000000000000e+00,0.000000000000000000e+00,0.000000000000000000e+00,6.561446184885398082e-03,0.000000000000000000e+00,0.000000000000000000e+00,3.474283899314139362e-02,1.696713181640887788e-02,0.000000000000000000e+00,0.000000000000000000e+00,0.000000000000000000e+00,0.000000000000000000e+00,0.000000000000000000e+00
6.507427442725390865e-01,0.000000000000000000e+00,0.000000000000000000e+00,0.000000000000000000e+00,8.646823189496413015e-03,0.000000000000000000e+00,3.190841539106488867e-03,2.235035454037829702e-02,0.000000000000000000e+00,0.000000000000000000e+00,0.000000000000000000e+00,1.331385469465208582e-02,7.417675444836477859e-04,6.796401100816028273e-02,4.484920032581271761e-03,0.000000000000000000e+00,0.000000000000000000e+00,8.763869347650059000e-04,0.000000000000000000e+00,0.000000000000000000e+00,0.000000000000000000e+00,5.616864069040409732e-03,6.887784437583971409e-02,0.000000000000000000e+00,7.761432032400594760e-03,5.509874352138336567e-02,7.173361279038998999e-03,0.000000000000000000e+00,1.025674522988858674e-02,1.228943980461518794e-02
0.000000000000000000e+00,1.969352761632708025e-03,0.000000000000000000e+00,0.000000000000000000e+00,0.000000000000000000e+00,0.000000000000000000e+00,0.000000000000000000e+00,0.000000000000000000e+00,0.000000000000000000e+00,5.954863491809311501e-03,0.000000000000000000e+00,1.926567579617165238e-02,0.000000000000000000e+00,0.000000000000000000e+00,0.000000000000000000e+00,3.711335803384595896e-03,0.000000000000000000e+00,0.000000000000000000e+00,1.302095439581732288e-02,1.963752042985919891e-02,0.000000000000000000e+00,2.670806528515079492e-02,0.000000000000000000e+00,0.000000000000000000e+00,0.000000000000000000e+00,0.000000000000000000e+00,3.877058014283709525e-02,0.000000000000000000e+00,8.294523058839101820e-03,0.000000000000000000e+00
0.000000000000000000e+00,6.581230525149181282e-04,0.000000000000000000e+00,1.198533465212627339e-02,0.000000000000000000e+00,0.000000000000000000e+00,0.000000000000000000e+00,0.000000000000000000e+00,0.000000000000000000e+00,2.199669711024794874e-02,5.015860724707567634e-04,0.000000000000000000e+00,0.000000000000000000e+00,3.684529187675458371e-04,5.608942398212519824e-04,0.000000000000000000e+00,0.000000000000000000e+00,0.000000000000000000e+00,0.000000000000000000e+00,0.000000000000000000e+00,4.351294089656930443e-04,5.264121364230913737e-03,0.000000000000000000e+00,0.000000000000000000e+00,2.564412783167571361e-02,6.025123818196099698e-03,9.562607520754723076e-03,1.099101815611931710e-01,0.000000000000000000e+00,4.115090615061366836e-02
6.688118268879161615e-04,2.952628387632359047e-03,8.063627751298164600e-03,0.000000000000000000e+00,0.000000000000000000e+00,0.000000000000000000e+00,6.411647775901649707e-03,0.000000000000000000e+00,0.000000000000000000e+00,8.598815811290627664e-03,0.000000000000000000e+00,3.294754772626296273e-03,0.000000000000000000e+00,0.000000000000000000e+00,0.000000000000000000e+00,3.787162070012128900e-02,7.344843581917193456e-03,8.251850060653128380e-05,1.980167570515831837e-02,1.104635858188416329e-02,0.000000000000000000e+00,0.000000000000000000e+00,0.000000000000000000e+00,3.313792526317264897e-02,3.724955329674821576e-03,0.000000000000000000e+00,0.000000000000000000e+00,0.000000000000000000e+00,8.921856374856101599e-03,0.000000000000000000e+00
0.000000000000000000e+00,0.000000000000000000e+00,0.000000000000000000e+00,0.000000000000000000e+00,9.681444915378941904e-03,0.000000000000000000e+00,3.491490575087510817e-02,0.000000000000000000e+00,0.000000000000000000e+00,0.000000000000000000e+00,0.000000000000000000e+00,0.000000000000000000e+00,0.000000000000000000e+00,2.646338894166522758e-03,0.000000000000000000e+00,2.550989674219157968e-03,0.000000000000000000e+00,1.328607412238061707e-03,0.000000000000000000e+00,0.000000000000000000e+00,0.000000000000000000e+00,6.767714466458621923e-03,7.173673887157742957e-02,6.158366703515336452e-03,1.210656631991116269e-02,0.000000000000000000e+00,1.504774448265399365e-03,1.200837396478568325e-01,2.024790615190058193e-02,0.000000000000000000e+00
0.000000000000000000e+00,0.000000000000000000e+00,0.000000000000000000e+00,0.000000000000000000e+00,0.000000000000000000e+00,2.040476948100697629e-01,0.000000000000000000e+00,2.455578109470181805e-02,1.434101009713186110e-03,0.000000000000000000e+00,9.296712221857605929e-02,1.226245066447532485e-02,0.000000000000000000e+00,2.669017890601083423e-03,0.000000000000000000e+00,3.181702753537823079e-03,2.428281204920614555e-01,3.299196248052534836e-02,0.000000000000000000e+00,0.000000000000000000e+00,0.000000000000000000e+00,0.000000000000000000e+00,8.281815018430405129e-02,0.000000000000000000e+00,0.000000000000000000e+00,5.731935880561754570e-02,0.000000000000000000e+00,0.000000000000000000e+00,0.000000000000000000e+00,0.000000000000000000e+00
5.286534225338260055e-03,0.000000000000000000e+00,0.000000000000000000e+00,0.000000000000000000e+00,0.000000000000000000e+00,0.000000000000000000e+00,0.000000000000000000e+00,1.986778181966916820e-04,0.000000000000000000e+00,0.000000000000000000e+00,0.000000000000000000e+00,0.000000000000000000e+00,0.000000000000000000e+00,0.000000000000000000e+00,0.000000000000000000e+00,2.239213376577833120e-02,4.858408008284483166e-03,0.000000000000000000e+00,1.946201389713691707e-03,0.000000000000000000e+00,0.000000000000000000e+00,1.745669990596157919e-02,7.162929043717330968e-02,5.269303959513223223e-02,1.252790535845394425e-02,2.829924599294112234e-02,1.504500057929019675e-02,1.002319247361404958e-01,9.363603771215059119e-04,2.059597424464446047e-02
0.000000000000000000e+00,0.000000000000000000e+00,0.000000000000000000e+00,5.433868527488886629e-02,0.000000000000000000e+00,0.000000000000000000e+00,0.000000000000000000e+00,0.000000000000000000e+00,1.215542524095492575e-04,2.528737361779976461e-02,8.646116105677813853e-04,0.000000000000000000e+00,0.000000000000000000e+00,8.973274523429769414e-05,0.000000000000000000e+00,2.200148994690564672e-02,2.052454151449822244e-04,0.000000000000000000e+00,0.000000000000000000e+00,0.000000000000000000e+00,0.000000000000000000e+00,1.217804869402715207e-02,0.000000000000000000e+00,0.000000000000000000e+00,9.432849511879644018e-04,0.000000000000000000e+00,2.997827008678768425e-03,1.120323280582555562e-03,0.000000000000000000e+00,3.130646082205416225e-05
2.181990309537223255e-02,2.028040818042876111e-03,0.000000000000000000e+00,0.000000000000000000e+00,6.594006868705713613e-03,3.002035075553886045e-01,0.000000000000000000e+00,1.537000630695248315e-04,0.000000000000000000e+00,3.564095473603513808e-03,0.000000000000000000e+00,0.000000000000000000e+00,0.000000000000000000e+00,0.000000000000000000e+00,1.832487387683364409e-03,2.762546945524271477e-02,9.789275222241139440e-02,6.206566395324751833e-04,0.000000000000000000e+00,0.000000000000000000e+00,2.544845226593361783e-05,0.000000000000000000e+00,0.000000000000000000e+00,3.545439973595367750e-02,5.909941302997653162e-03,1.634618704728712374e-02,4.012747983869328124e-04,0.000000000000000000e+00,0.000000000000000000e+00,0.000000000000000000e+00
0.000000000000000000e+00,1.268624022384721994e-03,2.236429759370322720e-02,0.000000000000000000e+00,0.000000000000000000e+00,0.000000000000000000e+00,1.776182339796762710e-02,0.000000000000000000e+00,0.000000000000000000e+00,0.000000000000000000e+00,0.000000000000000000e+00,0.000000000000000000e+00,5.527238427112046541e-03,2.294853530820600656e-04,6.235787840190111508e-02,8.022873102862660907e-03,0.000000000000000000e+00,6.099379840007491255e-02,3.284820642501931143e-04,0.000000000000000000e+00,0.000000000000000000e+00,2.586831219902103410e-03,0.000000000000000000e+00,7.351356863363592287e-03,0.000000000000000000e+00,4.717815554664161158e-03,0.000000000000000000e+00,0.000000000000000000e+00,9.265388693624915586e-03,4.942948648547446783e-02
0.000000000000000000e+00,6.956299386364144877e-04,0.000000000000000000e+00,1.388255630323251353e-04,2.016486738565405942e-03,0.000000000000000000e+00,0.000000000000000000e+00,1.009714799738186362e-03,0.000000000000000000e+00,0.000000000000000000e+00,0.000000000000000000e+00,8.775240972648434834e-02,0.000000000000000000e+00,8.475488711213770288e-02,0.000000000000000000e+00,0.000000000000000000e+00,0.000000000000000000e+00,0.000000000000000000e+00,0.000000000000000000e+00,1.518301703693921388e-04,2.900163674585252982e-03,1.116025449822245948e-02,0.000000000000000000e+00,0.000000000000000000e+00,0.000000000000000000e+00,7.522037053075582291e-02,0.000000000000000000e+00,8.764361124988828688e-02,0.000000000000000000e+00,1.150872192510919018e-02
0.000000000000000000e+00,0.000000000000000000e+00,0.000000000000000000e+00,0.000000000000000000e+00,2.749572197670354084e-03,0.000000000000000000e+00,0.000000000000000000e+00,0.000000000000000000e+00,0.000000000000000000e+00,3.446013662706571851e-04,0.000000000000000000e+00,1.626252425542722146e-01,0.000000000000000000e+00,0.000000000000000000e+00,0.000000000000000000e+00,1.118802878295524147e-02,1.113170233894162850e-02,0.000000000000000000e+00,1.790082984057596337e-04,0.000000000000000000e+00,0.000000000000000000e+00,1.361219959868540221e-03,0.000000000000000000e+00,1.058621378625951986e-02,0.000000000000000000e+00,0.000000000000000000e+00,2.235933919700516803e-02,0.000000000000000000e+00,0.000000000000000000e+00,0.000000000000000000e+00
0.000000000000000000e+00,0.000000000000000000e+00,1.478748186052285599e-02,0.000000000000000000e+00,0.000000000000000000e+00,0.000000000000000000e+00,0.000000000000000000e+00,6.055866715075141488e-02,0.000000000000000000e+00,0.000000000000000000e+00,0.000000000000000000e+00,2.557624008528315736e-03,0.000000000000000000e+00,1.064146977298276731e-01,6.495837116677939845e-03,1.757891536770069723e-03,0.000000000000000000e+00,0.000000000000000000e+00,0.000000000000000000e+00,4.796924482367592030e-02,1.852149466281665519e-02,0.000000000000000000e+00,0.000000000000000000e+00,2.943561187768885951e-02,2.986867956200501065e-02,3.774643742420201540e-03,0.000000000000000000e+00,7.102761110721091120e-02,2.129568754092822994e-03,1.756428999855550940e-02
0.000000000000000000e+00,3.830074179093887615e-02,0.000000000000000000e+00,1.856572997494793098e-02,0.000000000000000000e+00,3.835159579438223582e-02,0.000000000000000000e+00,0.000000000000000000e+00,6.491768661565083809e-01,0.000000000000000000e+00,0.000000000000000000e+00,0.000000000000000000e+00,1.521135461135565995e-03,0.000000000000000000e+00,0.000000000000000000e+00,0.000000000000000000e+00,8.572131931483355227e-02,5.999242854005282000e-06,0.000000000000000000e+00,0.000000000000000000e+00,0.000000000000000000e+00,0.000000000000000000e+00,5.951818667358846349e-02,0.000000000000000000e+00,5.631590208255375304e-03,0.000000000000000000e+00,0.000000000000000000e+00,0.000000000000000000e+00,0.000000000000000000e+00,0.000000000000000000e+00
0.000000000000000000e+00,0.000000000000000000e+00,0.000000000000000000e+00,1.919074646775025331e-02,2.465036007500352039e-02,0.000000000000000000e+00,0.000000000000000000e+00,0.000000000000000000e+00,3.017018258451468763e-05,5.022185423105569868e-03,0.000000000000000000e+00,0.000000000000000000e+00,0.000000000000000000e+00,0.000000000000000000e+00,0.000000000000000000e+00,2.107923688034073120e-03,2.637053418651188474e-01,0.000000000000000000e+00,0.000000000000000000e+00,0.000000000000000000e+00,0.000000000000000000e+00,0.000000000000000000e+00,1.117365725544303611e-03,2.362014589541250667e-02,2.201914962852559096e-02,3.587681680771123011e-02,8.585570516006382422e-03,1.080741414116642429e-01,0.000000000000000000e+00,6.944609929088793921e-06
0.000000000000000000e+00,2.597637901166773662e-04,0.000000000000000000e+00,0.000000000000000000e+00,2.865932300580690401e-02,0.000000000000000000e+00,0.000000000000000000e+00,0.000000000000000000e+00,0.000000000000000000e+00,0.000000000000000000e+00,0.000000000000000000e+00,1.923984401236289790e-02,5.625486285352906089e-04,0.000000000000000000e+00,4.877761267979238181e-04,0.000000000000000000e+00,0.000000000000000000e+00,0.000000000000000000e+00,0.000000000000000000e+00,0.000000000000000000e+00,0.000000000000000000e+00,9.259677598054611922e-03,1.419176310150754572e-01,0.000000000000000000e+00,0.000000000000000000e+00,7.584902582829687601e-02,2.072670516979382635e-02,0.000000000000000000e+00,0.000000000000000000e+00,0.000000000000000000e+00
1.315827957873125058e-02,0.000000000000000000e+00,0.000000000000000000e+00,0.000000000000000000e+00,1.645588753066265855e-02,0.000000000000000000e+00,0.000000000000000000e+00,0.000000000000000000e+00,0.000000000000000000e+00,0.000000000000000000e+00,0.000000000000000000e+00,6.990276950250209897e-02,0.000000000000000000e+00,9.667048570802637278e-04,0.000000000000000000e+00,0.000000000000000000e+00,0.000000000000000000e+00,1.053156097121235504e-03,0.000000000000000000e+00,0.000000000000000000e+00,0.000000000000000000e+00,0.000000000000000000e+00,1.168581649281894659e-03,3.066375063891968195e-03,1.355582898781304731e-02,0.000000000000000000e+00,2.876738134996241827e-03,5.438430944658641415e-03,4.887022215342407515e-03,2.062668625983714310e-02
0.000000000000000000e+00,2.158677134622975866e-03,7.446569073496124569e-02,2.306535709653751917e-02,0.000000000000000000e+00,6.044647633724571975e-05,7.227236840630753105e-03,0.000000000000000000e+00,0.000000000000000000e+00,0.000000000000000000e+00,2.374604621306179025e-03,0.000000000000000000e+00,0.000000000000000000e+00,0.000000000000000000e+00,0.000000000000000000e+00,0.000000000000000000e+00,0.000000000000000000e+00,0.000000000000000000e+00,0.000000000000000000e+00,0.000000000000000000e+00,0.000000000000000000e+00,0.000000000000000000e+00,0.000000000000000000e+00,1.098659046389848654e-02,2.840538332895382531e-02,0.000000000000000000e+00,0.000000000000000000e+00,9.952409960024881375e-02,0.000000000000000000e+00,0.000000000000000000e+00
0.000000000000000000e+00,0.000000000000000000e+00,0.000000000000000000e+00,0.000000000000000000e+00,1.500670652492750411e-02,0.000000000000000000e+00,0.000000000000000000e+00,6.942807195810620814e-03,0.000000000000000000e+00,4.563111707440397832e-03,9.083593949561466832e-03,1.601419732277638633e-02,0.000000000000000000e+00,0.000000000000000000e+00,0.000000000000000000e+00,6.349225855217938141e-03,0.000000000000000000e+00,0.000000000000000000e+00,0.000000000000000000e+00,0.000000000000000000e+00,1.167199627561059903e-02,2.733629077629068978e-03,0.000000000000000000e+00,0.000000000000000000e+00,0.000000000000000000e+00,0.000000000000000000e+00,1.577973939692375871e-02,0.000000000000000000e+00,0.000000000000000000e+00,3.621406713237768776e-02
0.000000000000000000e+00,3.445606271212385378e-03,0.000000000000000000e+00,1.527065785081300753e-01,0.000000000000000000e+00,0.000000000000000000e+00,0.000000000000000000e+00,3.521109531416788310e-03,0.000000000000000000e+00,1.373625785268305956e-02,0.000000000000000000e+00,0.000000000000000000e+00,0.000000000000000000e+00,0.000000000000000000e+00,0.000000000000000000e+00,0.000000000000000000e+00,0.000000000000000000e+00,0.000000000000000000e+00,0.000000000000000000e+00,0.000000000000000000e+00,6.798601730193253034e-02,0.000000000000000000e+00,0.000000000000000000e+00,1.412919520685869401e-02,0.000000000000000000e+00,4.706237555838364318e-03,1.012162781636267094e-04,6.143663690194128791e-04,0.000000000000000000e+00,1.328008547833152767e-02
