5.273204754196415128e-02,-1.732414301017547870e-02,1.560852858135088755e-02,-1.900053752019761205e-02,2.310360917922808788e-02,-1.936742277477417756e-02,7.965916750293931814e-02,-1.929373850519571984e-02,5.650416568898818798e-03,1.142090348646721161e-02,-2.443679479452939840e-03,2.464099304506474700e-03,3.786157500451260705e-02,5.768345249022495402e-02,-1.566126952682979009e-02,4.196969968095053127e-02,7.698959585413983620e-02,1.783616976382659119e-02,5.096526408949073050e-02,7.922467789586468134e-02,1.612494353067380273e-02,-1.723231158411180422e-02,6.328851902154124243e-02,-5.911332442465076775e-03,2.918637055104560812e-02,3.512057489594537507e-02,4.354201690289368626e-02,-1.434409162675432184e-02,9.433206084982340145e-02,8.431657384576610181e-02,5.833271085185831595e-02,2.108394606722564443e-02,4.481579858692895380e-02,-1.959516295501839700e-02,-1.986860066783468354e-02
5.592775700201103178e-02,1.202501423637959872e-02,-9.571617632655802024e-03,9.395695554809525493e-03,4.478035917817930339e-02,-1.421184427332618412e-02,9.795001671140582400e-02,-1.471474816678948819e-02,-4.266564761369485287e-04,-1.588266327029750832e-02,3.888103298108080280e-03,-1.077461605662324157e-03,-1.039958546826759596e-02,7.529240830512619331e-02,-6.579235869372222767e-03,4.690284516052166397e-02,3.519934138005152008e-02,-8.212416856631012813e-03,4.263507652258510805e-02,4.217366499566349569e-02,-9.849177368157319493e-03,-1.255520674660974209e-03,9.402622747776168480e-03,7.546848051506998417e-04,2.027837691091306446e-02,-6.244159490222476322e-03,2.551561216339959595e-02,-9.920581923566131055e-03,5.653892104802955149e-02,3.537003937404037401e-02,2.943490100898290412e-02,1.778518800687550749e-02,4.214884493933088172e-02,-1.414640655158877838e-02,-1.554006992845681674e-02
5.005012654191565158e-02,1.232611724615179233e-01,3.854517570617999045e-02,2.541248758660763843e-02,6.523902730631950253e-02,5.314776450982459932e-03,-2.406811238487186616e-03,2.319573389331992808e-02,5.268270204616073982e-02,4.231118076666701838e-02,6.770797010638036906e-02,5.458033035532646599e-02,2.997601935641074425e-02,5.522715611618166792e-03,2.626751187845671742e-02,3.717339728415197664e-02,-3.437745239218610929e-03,1.020786891380756969e-02,2.689763256865196697e-02,2.457169667423989359e-02,4.041007914649735744e-02,1.015278231964183986e-01,4.580745609862248158e-03,2.533792488143120705e-02,-1.420890599368976673e-02,4.619243821071243594e-02,2.588989194503998198e-02,3.978100707346596959e-02,8.769769707723511915e-03,1.805418311619460398e-02,-9.708701866962370086e-04,1.126730964450750258e-02,-1.557948336323447883e-02,6.543283479607794884e-02,3.904977538429085793e-02
-1.621155229897801309e-02,-2.044789234974470765e-02,-9.034497058912235173e-03,-1.857493058760790322e-02,2.891381070794931535e-02,-1.506344756436848141e-02,2.081135675771111221e-02,-1.794837045646327858e-02,-1.726965993679191458e-03,8.971596047994294387e-03,-1.693030791244475378e-02,-2.289306749888409681e-03,4.976709366566921949e-02,1.498047470957411184e-02,-1.845927908934911002e-02,-1.427821253533831554e-02,1.090060917733768620e-01,-8.696951214038163569e-03,1.671081507818012596e-02,4.484348892141273163e-03,-6.903092817701252625e-03,-1.738062350257684602e-02,1.497321801350441905e-01,-1.515817038141419049e-02,2.107247775477731067e-01,1.648048986533355575e-02,8.348168803234350122e-03,-1.945318555416714057e-02,4.617799852319440929e-02,3.483154119911791025e-02,9.392865647073143920e-02,3.628895134977224574e-02,1.411870220723379643e-01,-1.474681958392384112e-02,-1.659156746323600315e-02
5.405614670371330921e-02,6.138887508247981017e-03,-7.849083887703521556e-03,5.304372792613660376e-03,3.069135589332326608e-02,-1.638010285129627014e-02,7.513242298846391221e-02,-1.924794904380630958e-02,-6.119923172521643875e-03,-1.784771960503801075e-02,-4.283673844840464942e-03,-6.051020945308405175e-03,3.791081227670203835e-03,6.664339891991097331e-02,-6.615902811536221798e-03,8.817820674002316284e-02,6.723056521851178413e-03,-4.094784582471741596e-03,3.506291511164263269e-02,3.366774155423266079e-02,-1.045999157706512840e-02,-4.281022799645740895e-03,-1.236193567189726276e-02,-3.435499989481408112e-03,-1.369802728562552648e-02,3.858557850634694586e-02,2.484925498234953969e-02,-6.199682573711505149e-03,2.367160355206467462e-02,4.699768136719552347e-03,9.539484399528931624e-04,1.852710936856596241e-02,9.582756550104438997e-03,-1.757105847360727197e-02,-1.717113145766296228e-02
-1.765466433790867026e-02,1.284760138900210291e-01,2.700829308312180030e-02,4.399285106877419416e-02,6.563491148226691108e-02,3.352343324621720466e-02,-1.864485002070192382e-02,6.538391204729812611e-02,6.474786776389505893e-02,1.777489071177789162e-02,5.984683064908115357e-02,5.707824261181547454e-02,-1.197264251766131174e-02,-9.769474634163170107e-03,2.474230767685261373e-02,-1.664307654412635132e-02,-7.412986490452910804e-03,1.348627676410296683e-02,1.367373716912840750e-02,-9.893486728281591230e-03,3.549119930529481826e-02,1.153128079095727399e-01,-1.864525161035526096e-02,4.173510090340063622e-02,-1.801671199017451999e-02,1.287357713223025515e-02,-1.427136954554181214e-03,6.026889824131218681e-02,5.125283002053147158e-03,1.080390220824654912e-02,-1.687878083518708910e-02,-3.854768917146847787e-03,-1.744016880575727929e-02,8.886166823549593308e-02,6.438692498596597369e-02
-1.002051561230222175e-02,-1.340373231882548317e-02,-6.292095306184872748e-03,-1.096386053199029098e-02,3.055647633820301676e-03,-1.431587935779824947e-02,2.048116817390345859e-02,-1.220495167062194374e-02,-1.224305001881359836e-03,-2.938178083788592007e-03,-1.473885926619232165e-02,-9.066365251586666271e-03,2.019008220866388981e-02,7.689160768919397343e-03,-1.475366499440385754e-02,-1.161836364841605657e-02,4.537543912165244164e-02,-1.409489286838335950e-03,2.616622853176819863e-03,-2.174144131002747962e-03,-3.139934609309232884e-03,-1.448501193882781486e-02,5.147096761101034590e-02,-1.040566727851794521e-02,3.026216522655305122e-02,1.881865084597048043e-02,3.134953240655449780e-03,-1.212228792148479541e-02,2.753344401962107280e-02,3.091352283818996766e-02,3.560894061572811298e-02,6.651583807907718998e-03,2.404922415911995084e-02,-1.174549816256709872e-02,-1.622234909586817500e-02
-1.299236503008417178e-02,-1.052843475975831673e-02,-1.094938476485322193e-02,-1.368940635955385142e-02,8.788130870843388620e-04,-1.099851458569262724e-02,4.774313168017418896e-02,-1.211768154119912365e-02,-9.917174148336102904e-03,-1.116444542335522268e-02,-5.399063220265581768e-03,-7.844530211289630489e-03,2.211271531039497862e-03,9.558066448666031889e-03,-1.307656955979624031e-02,-1.237398385376587036e-02,3.407149711593555896e-02,-5.690590066046277533e-03,2.598669503395931168e-02,1.268740933982888570e-02,-1.062771391320731056e-02,-1.211494885874154874e-02,1.899047824516533062e-02,-1.231759034998223569e-02,3.473997648298561558e-02,-1.165267057013527965e-02,-5.066504147490291134e-03,-1.290103569452452116e-02,3.013393153194640281e-02,2.430916249653575223e-02,2.622366788752564237e-02,9.177032193625324005e-03,5.269242044605208092e-02,-9.888343333645330940e-03,-1.057215326719258483e-02
-1.545455662139468521e-02,5.538423682534453218e-02,1.803195610469496973e-02,-1.124114268982865511e-02,1.463893646647296092e-02,2.024317401812072703e-01,3.123994720229773120e-03,7.796454884372494565e-02,6.623747810539529213e-02,-2.044203945591068980e-02,-3.597541553016930099e-03,-7.103628610917667868e-03,1.965340024047112361e-02,-2.988010520109147736e-03,-4.408519972305681781e-03,-2.903272972961331438e-03,-5.045813812367119441e-03,3.919914385499930626e-02,2.521681389465038961e-02,-5.691760358873532155e-04,-1.877540009244949015e-03,-1.905182870760687569e-02,-1.534590585503369659e-02,9.024736655754017622e-02,-1.199917765927193541e-02,6.130883091472420776e-02,-5.570769865391506440e-03,3.312173087751044132e-04,-8.352052336037377178e-03,-1.838074236812332202e-03,1.671664740475026570e-03,1.351308757629800933e-02,1.771208933008770747e-04,2.459377549626436815e-03,3.416904132607793965e-02
5.627434951070883762e-02,-1.538972089844320434e-02,7.658986439783177502e-02,6.719826240592488564e-02,3.016451089057001211e-02,3.747296435752368871e-02,-1.371454841062534798e-02,1.904523152909767120e-02,3.224646390750086911e-02,7.437747002225422732e-02,-3.842465325098061088e-03,2.357458331223669101e-02,4.557527148449588839e-02,2.285474802066551903e-02,9.611392932023432589e-02,-1.341230148677864144e-02,6.631683235621948364e-04,1.736605873862133095e-02,-1.479320580585862660e-02,-1.019296811802470823e-02,1.615757117140945165e-02,9.698827413816949600e-03,-1.386020147379209838e-02,-1.667073819105769489e-02,-1.743658759787631435e-02,5.021438012947743168e-03,2.154755588317677772e-02,4.647418260543585700e-02,-1.438914886001101123e-02,-9.477557731333102753e-03,1.134582619973895437e-02,7.463560184797615737e-03,-3.338011919725433069e-03,-1.687173401948659918e-02,-2.003526541827640312e-03
-1.636234254886552789e-02,1.296702465477862498e-01,1.919426143650713665e-02,2.908509993389503043e-02,6.313145855823636132e-02,1.030892904433012777e-02,-1.543499482911528213e-02,2.843756280703408496e-02,5.325361017745543213e-02,2.034093852329008772e-02,4.573367112287695518e-02,5.337836139006707503e-02,-1.155895666774961472e-02,-1.369497196503015324e-02,2.664323881806364425e-02,-1.753431266393386950e-02,-1.088774377304040607e-02,-3.798624406231587008e-03,3.338001458554788053e-03,-6.477348871415739007e-03,1.985608756497178953e-02,1.059685955744873176e-01,-1.552760180110927292e-02,2.985950588916654394e-02,-1.709720627459270642e-02,1.279341044765187896e-02,-2.274281420471500892e-04,3.760469261992489820e-02,-7.426113036014085622e-04,1.150621823363106103e-02,-1.433594747724178074e-02,-4.536871121933650289e-03,-1.574864716946871440e-02,6.813266385079697063e-02,4.294001147149076325e-02
-1.484069776473573299e-02,3.525504544339450735e-02,1.514349387403072719e-02,7.802710847038353548e-03,1.062756956199464690e-02,-1.646571390558996401e-02,-1.190736922974511454e-02,-1.475816499195954645e-02,-2.023466067835091517e-03,9.451401152756978841e-03,5.768732199334128397e-02,3.593534201943658635e-02,8.291891337469757886e-03,-7.485589187503397315e-03,1.549299745779282068e-02,2.945720536363874431e-02,6.568037246845803007e-03,2.144266525686084474e-02,1.248946159970723037e-02,1.624192833312156775e-02,1.749364110404220962e-02,3.850324759538115149e-02,-6.567424346304015503e-03,3.685957901035227108e-02,-1.016413119118416905e-02,-1.534100116226747544e-02,4.219156066411857559e-02,2.979806506413370734e-02,-4.274609798822825990e-03,7.891187983708714340e-03,-2.548888212306112816e-04,8.919098431294722462e-03,9.322736931242307096e-04,9.392545957779678545e-02,2.835155062586047423e-02
-1.333724015605576227e-02,-1.249401536167468393e-02,1.873347210804294366e-02,7.134203950473361894e-03,6.629485095938055308e-03,4.306636733705877795e-02,-9.525125057379093402e-03,4.719362851531974656e-02,2.614691277463113833e-02,2.627328504400047726e-04,3.143987766925064251e-03,1.105261448805051547e-02,-4.719355632725311979e-03,2.312597405307629042e-03,-7.216132179113520992e-03,1.558019432743337589e-02,-4.105472806968783230e-03,1.304835303763485221e-02,2.592975212784336125e-02,-7.880997068609004591e-03,1.308197690111786125e-02,1.457495498267707967e-03,-4.620006078149380482e-03,3.383969102555588887e-02,-9.770551569957050889e-03,1.938185133121194184e-02,4.214862343977365464e-03,1.410068121016318753e-02,1.257465199903314880e-02,-1.298192084169953221e-02,2.737442016142448142e-03,2.611932733135887905e-02,-1.154663927667711788e-02,1.021074197810572029e-02,3.122548096238719414e-02
-1.043046390131410067e-02,-1.074922407232050021e-02,-8.894959092538448284e-03,-9.104622833073968899e-03,7.538011595024721179e-04,-1.336013355831550294e-02,3.195484980282554954e-02,-1.168267077556962158e-02,-9.599116526865203794e-03,-1.282772356067730934e-02,-6.127349382551776531e-03,-8.850438718397777432e-03,-9.238730359551186253e-03,7.519075099667042045e-03,-1.011064411666650828e-02,-1.035450071255042577e-02,2.612996646587209537e-02,-1.150298089687129370e-02,1.567005076551276216e-02,6.497020687261970476e-03,-6.767956256988366670e-03,-1.153825743138802394e-02,1.217517690868014264e-02,-1.044015693591732880e-02,2.272086945273931249e-02,-1.207442938009628021e-02,-5.359053765011357988e-03,-1.038533177576127925e-02,1.755738668874782388e-02,2.033948445802073735e-02,1.646015841340208938e-02,-6.239496249308909212e-03,2.259525827592946332e-02,-1.088386001098778574e-02,-1.445738268953432326e-02
-1.631486839525913765e-02,5.558529741127049562e-02,9.409930821990188099e-03,-1.404550868805411190e-02,-4.862319011361667179e-03,2.057605774741171623e-01,-1.978958937279466299e-02,7.885769500540956711e-02,7.815463616853973727e-02,-7.396862864214157410e-03,6.518770579232485013e-03,-3.064008116009710528e-03,-1.478719706824900733e-02,-1.245290842960202968e-02,-6.290687555987906424e-03,-1.359787483488948678e-02,-1.015607638834659272e-02,2.756186775063019026e-02,5.097130231796333927e-03,-1.570986147735732932e-02,8.996393948911971666e-03,-2.066892626634673699e-02,-1.717088415438780200e-02,1.130860507261474412e-01,-1.607334609853146995e-02,2.995896419301887978e-02,-1.116017960001249726e-02,-1.334032392398930809e-02,-8.772891316369178794e-03,-1.107863708338500258e-02,-1.288889139294744843e-02,-6.181905733709892881e-03,-1.473304954056531627e-02,4.024072357987389797e-03,4.914655372690848040e-02
5.405006729057625775e-02,1.057136282928921103e-02,-1.297815876246456550e-02,8.256979805627610858e-03,2.377829938761873152e-02,-1.293184977545715382e-02,4.602978465926048368e-02,-1.481499888889173562e-02,-3.519157267919416007e-03,-1.670521482027783819e-02,6.026869425845692713e-04,-5.077074833227227663e-03,-1.206010392776391514e-02,5.146027059733360165e-02,-9.421124794922153614e-03,4.574574583320194232e-02,3.015179127402036613e-03,-7.566676808225098437e-03,1.551906452355448357e-02,2.468853815802719148e-02,-1.540684093645975847e-02,-2.922283550261289137e-03,-1.549789337779722970e-02,-3.651765079561240801e-03,-1.278890264827832988e-02,-5.678281441415553715e-03,1.311766993647761441e-02,-1.103902634589407072e-02,2.120427682158856561e-02,4.361629738393140582e-03,-5.456604809111727586e-03,3.742319474526543954e-03,-4.589606729534977114e-03,-1.133757687525730438e-02,-1.376808469202621052e-02
5.826860033166618436e-02,-1.400684642137897326e-02,5.974803582334328039e-02,6.292445583735017944e-02,1.612209512003273670e-02,-1.601712236014595642e-02,-1.387046890143908522e-02,-2.462844862714303265e-03,2.230795717849384796e-02,6.564505349960994551e-02,3.497646319489655306e-03,1.684117892606856737e-02,1.582779450807902943e-02,8.862762356532929639e-03,7.613677444603150768e-02,-1.348092551656443830e-02,1.157622256526814192e-03,1.929581273932175212e-03,-1.321896692607766113e-02,-6.289787121813891248e-03,9.529664675678560168e-03,1.075994986268528214e-02,-1.480811994541594498e-02,-1.353097243086693463e-02,-1.486198478064790912e-02,8.878512452036274594e-03,1.893447153315133691e-02,1.538967325874967054e-02,-1.358164513306568504e-02,-1.310639960375338704e-02,2.915082035566953292e-03,3.866035056264059688e-03,-1.199677923022962264e-02,-1.438783822259724621e-02,-2.418199683391471233e-03
-1.742962378123808637e-02,6.171623550478608222e-03,6.193576693038854719e-03,3.983407806983525756e-02,-4.197948596598687077e-03,-1.727212907250804536e-02,-7.363508461179751885e-03,-6.923190163527444263e-03,-1.695393505909417384e-02,-6.335694404040874764e-03,4.090559263966760117e-02,4.816928043530933901e-02,-1.071940798722412214e-02,-7.061409538395978236e-03,3.426299619747093239e-02,2.502176081799294474e-02,-1.086250589132752194e-02,2.127707362104760275e-02,-1.543041162489917559e-03,6.320771769748670388e-03,2.993850906001327417e-02,7.819335047694096763e-02,-1.522080581817846986e-02,3.283280145223721469e-02,-1.432721295864422019e-02,-1.563755835603111016e-02,-2.649024154832969186e-03,4.862333129479216171e-02,-6.610864440745991069e-03,4.083193746933349438e-02,-1.072200866999895030e-02,-1.558373785199023906e-03,-1.784422478870259857e-02,4.611167882753664654e-02,3.944243446115100471e-02
-1.358100918275112999e-02,-1.395016097672099192e-02,-1.118652654512706894e-02,-1.560695315014098972e-02,1.929066056266526274e-02,-1.406697163542075003e-02,-7.849281695452285657e-03,-1.621767812529719202e-02,-1.562587757878818387e-02,-3.125688472354644712e-03,-1.429864394096256978e-02,-7.783535705320320658e-03,1.799845275380511714e-02,-3.691912329959173150e-03,-1.521720232967661499e-02,-1.132208696803514714e-02,4.857271124276188456e-02,-1.367844958633226277e-02,-4.453291559340743708e-03,-2.433954714621723234e-03,-1.090901103080809190e-02,-1.389046642472890371e-02,8.257204037769003135e-02,-1.227179484779691507e-02,1.523138857089072484e-01,-1.227258592926553163e-02,-2.831400612993405577e-03,-1.612102805218607396e-02,1.113574031302507622e-02,-8.022610066426415915e-03,3.850755183217613453e-02,2.181741735394526066e-02,9.720796217852348264e-02,-1.300106091948360909e-02,-1.473890426777292942e-02
5.642624771157114111e-02,-1.840241782053445713e-02,1.154092358307850022e-02,-1.661085226965971703e-02,-3.831453126337317633e-03,-1.696535757711092537e-02,6.132455508032208513e-04,-1.655255478213108963e-02,-1.715354573190257942e-02,1.132719461443429214e-02,-1.076572197849225664e-02,-5.898561050799645822e-03,2.799052635682848164e-02,1.301228291077521221e-02,-1.346108891060156590e-02,4.170747280630875825e-02,-3.391590163233197674e-04,8.827267104443366902e-03,9.107005230128974518e-03,1.937141340283274338e-02,4.116625379212219410e-03,-1.680399668462338042e-02,1.005443497647123298e-02,-1.943664269556122370e-02,-6.677903040878025581e-03,2.329947550012103838e-02,-3.077844109420902613e-03,-1.810510821222208189e-02,1.151506946993965941e-04,-2.627184073683768578e-03,1.152122006674772235e-02,1.932600939211239627e-03,-8.572083537373311954e-03,-1.713078569868170184e-02,-1.967080666245719922e-02
-1.255213653686014161e-02,5.976933803587500954e-02,1.695129653259726255e-02,-8.676857696800058251e-03,-1.071733489549040255e-03,1.751597786173969273e-01,-1.648141707985998836e-02,6.801471370183315157e-02,7.105244405247208850e-02,-1.756240612532600567e-02,5.151254707861166460e-04,-3.906316815352377583e-03,-1.103635683158211457e-02,-1.128201675805147984e-02,-5.131928528562855821e-03,-1.273340688846817843e-02,-9.484160260025631395e-03,2.842038335133341420e-02,5.077445563263184233e-03,-1.307929129056374651e-02,-4.914842135110841781e-03,-1.536697962080975192e-02,-1.531314827758483051e-02,9.400872268320718816e-02,-1.742055810918588174e-02,2.617183018495645996e-02,-1.084790551576437709e-02,-5.647605982076522521e-03,-1.393337883510945181e-02,-7.987012717705788828e-03,-1.265477373873091262e-02,-9.322553819925716648e-03,-1.316760887816640149e-02,6.397149238357170350e-03,3.024847595777616083e-02
-1.244692267296042786e-02,-1.200567977898843453e-02,-1.075939005500527353e-02,-1.217900308481154395e-02,1.404735876473234973e-04,-1.153453399987588134e-02,-1.064506074044214816e-02,-1.238106963474991558e-02,-1.218587165369370250e-02,3.424811218263454013e-03,-1.314716519627622676e-02,-6.977485492236664907e-03,7.908918833479664651e-03,-1.038298512777906940e-02,-9.798821650618112430e-03,-1.065679504306932777e-02,1.856602157199290642e-02,-1.115113244335826787e-02,-5.391963641002421766e-03,-2.946716515767066474e-03,-9.618661833194538241e-03,-1.291508408506341320e-02,4.285638149174234024e-02,-1.398382673177554769e-02,2.068638783833733411e-02,-1.367566245299308911e-02,-4.025204783847395953e-03,-1.348416685896049703e-02,1.563161999323959064e-03,-4.888493409633590768e-03,8.828855888423114626e-03,-7.160982464957155874e-03,7.930298459627836347e-03,-1.244057990827747602e-02,-1.277140443892158320e-02
-9.451997371065513562e-03,-8.065725625015186459e-03,-3.289075555776327549e-03,-1.136299339519001965e-02,-1.435831075625251980e-03,-1.003776947367894350e-02,-9.126224607252647961e-03,-9.478256306186084307e-03,1.814153439550086899e-02,-1.015599872022896442e-02,-4.446682018381122557e-03,-7.564445773719489889e-03,1.272864064327886707e-02,1.788466376343172612e-03,-9.004326942620002883e-03,-7.792163896600094036e-03,1.974445962253741638e-02,-2.634561636223435588e-04,8.129171098366416714e-03,1.725690922273871025e-02,1.617640967687810488e-02,-8.875887250003109200e-03,2.184499092354889177e-02,-9.951606793716762447e-03,-3.964885133299838639e-03,7.359494851671932042e-03,2.148742955997523171e-02,-4.782393672690905817e-03,8.497084839791261071e-03,1.223217005844283445e-02,1.308062620271995338e-02,4.278069460995828979e-03,6.288641307352263628e-03,-8.446089110723167120e-03,-1.063357822558541783e-02
-1.012574681268418701e-02,-1.433676005940904934e-02,-8.615592334718745818e-03,-1.223651035342468441e-02,6.055253110616720669e-04,-1.293068415232612872e-02,2.687811594410343188e-02,-1.261421333032045240e-02,-1.250489982582962852e-02,-1.187964867982235252e-02,-9.428222884643192026e-03,-7.926455185530700831e-03,-1.119436617593217061e-02,-2.822994368261201592e-04,-1.102083028753633558e-02,-1.089615262811053677e-02,6.453302928564681046e-03,-1.176818717085330313e-02,9.341673120828959676e-03,9.880574453216875094e-03,-8.101529873803876153e-03,-1.155364476647811542e-02,-6.105133604552712145e-03,-1.207094427721544169e-02,-9.558703024672515758e-03,-1.135470037221199442e-02,-4.992456651091848989e-03,-1.299702618502455130e-02,1.478669925791495712e-02,2.321748143745392540e-03,6.880500381367282703e-03,-4.108908778091753880e-03,1.578347057042897572e-02,-1.183092295386578910e-02,-1.337060984655809998e-02
-1.478961739580685053e-02,-1.161879320345765056e-02,-1.141043440708795070e-02,-1.155857939775457692e-02,-1.030310705039203488e-02,-1.441070959110556451e-02,6.662466301868147367e-03,-1.426298183480537857e-02,-1.429115025549203277e-02,-1.396916146108586471e-02,-1.321993614887946068e-02,-1.349210986976735228e-02,-6.442351509409333099e-03,-8.202845403210416719e-03,-1.129335040320845682e-02,-1.326839841844457309e-02,1.659683094130708428e-02,-8.603660162758805519e-03,1.061692007407653848e-03,-1.225944173821898187e-02,-1.266671740776858027e-02,-1.391456732055418831e-02,1.078045916211844979e-02,-1.138648881912691750e-02,2.892592754667220462e-02,-1.385573069811477098e-02,-1.270694091606846925e-02,-1.349395354332212464e-02,3.743496430497796068e-04,1.904100263675490012e-04,6.875690985473288316e-03,-5.395662156572890791e-03,1.836619051309009917e-02,-1.389566847451139189e-02,-1.531903441516382219e-02
-1.099677836108244738e-02,-9.640817700964043196e-03,4.303719297194710108e-02,4.393583063832458974e-02,1.700210341773954192e-02,-1.073295898740382094e-02,-9.937627169295467494e-03,8.573105979937092891e-02,2.674643973249480472e-02,8.343308198101118123e-02,-2.517650594365714381e-03,1.532426529077462844e-02,3.050523211540046714e-02,2.059730867613834143e-02,1.010704196725773635e-01,-1.084047195484288094e-02,6.915403868036629209e-04,3.026209602082738023e-03,-8.022679163008188119e-03,-1.119609578640449500e-02,3.356586784912230642e-03,-1.146033206027134016e-02,-8.038917957726439412e-03,-1.279859223293017788e-02,-8.410216852797325685e-03,-2.985344195534455833e-03,1.777967576265501032e-02,3.092340197316256756e-02,-1.080493752620951056e-02,-9.478368725061980110e-03,1.990247916346384038e-02,1.801310497630183305e-02,-1.974914538997045270e-03,-1.011360842446564975e-02,1.195206304825722696e-03
5.953509490321769876e-02,-9.769814950001036100e-03,1.060612339310407909e-02,-1.541941269338180723e-02,-2.392374914464419182e-03,-1.112628771624490746e-02,1.146044880496336141e-03,-1.214510581752132820e-02,-1.034542390645136999e-02,1.569328197641083750e-02,-2.757123827715212555e-03,-6.251303829442075508e-03,2.969764200200717547e-02,1.383220109057856952e-02,-1.022835057767738053e-02,4.805823708764887098e-02,-9.213219805420374414e-04,2.959170607272933878e-03,8.369046127117424003e-03,2.211288529350198540e-02,5.217005125827119810e-03,-1.201170566984693239e-02,1.212406138900715830e-02,-1.337017325550000392e-02,-5.763104918906041332e-03,2.146888271801001419e-02,3.164246843525236538e-03,-1.257343711886169980e-02,6.559417498796481227e-04,1.542901331691867717e-03,6.676219945565926503e-03,1.455847872385092681e-03,-7.778782262121527319e-03,-1.245745948865547605e-02,-1.148255181774916582e-02
-1.472862235170920887e-02,-1.535026930285268015e-02,2.795115713795135945e-02,2.179418207257342865e-02,4.683184869843889583e-03,-1.298271908292244169e-02,-9.021000948224239951e-03,7.811300380708156160e-03,1.007381642387389538e-02,4.971993477083552770e-02,-5.977496327503845769e-03,5.136780167217578838e-03,1.335083606617987542e-02,1.036143964376317131e-02,4.536076158690317134e-02,-1.201564301931293439e-02,-8.265223575816847690e-03,6.309455190882367476e-04,-1.335609483553923220e-02,-1.027688464090022354e-02,-1.910323472970048772e-03,-1.422054913972732072e-02,-1.156446197444740628e-02,-1.585206472132625471e-02,-1.656526619614075851e-02,-6.310510073623029625e-03,6.837647680628444746e-03,1.472319981793282842e-02,-1.269155817513758187e-02,-1.598766015620006059e-02,2.581483757487398195e-03,5.066534120884225514e-03,-9.388130119137968327e-03,-1.380604174391150685e-02,-6.143950429581084699e-03
-1.524399973324915697e-02,-1.519721343799678055e-02,1.548076873150585481e-03,-8.774074368813701563e-03,-1.365813334083105027e-02,-1.503790696609916266e-02,-1.487311779491828738e-02,-1.541432810028800504e-02,-5.117486393868622696e-04,6.599372910275069781e-05,1.763272031109971300e-02,9.467496980382746063e-03,4.085997414476315315e-04,-1.267219345397453852e-02,1.185059744810018113e-02,1.369771594393236376e-02,-5.431928171736190303e-03,-1.125326475761904976e-02,2.278222743120582316e-03,-1.915651817738697055e-04,3.853191836961497238e-03,3.978527226239349929e-02,-7.139540929101354655e-03,7.660288403588469408e-03,-8.312365416904627519e-03,-1.567520330839082196e-02,6.867072840448313481e-03,1.630781459514784107e-02,-1.232489544905515308e-02,8.381685449128078308e-04,-6.372580490377118337e-03,5.242663522161688724e-03,-5.670277750483523026e-03,4.967769042988877393e-02,5.894346772170180188e-03
-1.403311491323942610e-02,-1.242930163462516863e-02,-7.767002788180350260e-03,-1.526908833842869143e-02,-8.786834196845071804e-03,-1.610515218811473664e-02,6.606487902179162403e-03,-1.273184105995943047e-02,-1.330055075654357211e-02,-1.361508827607803458e-02,-1.457384677567168454e-02,-1.523972083430952078e-02,2.137881728795330144e-02,-5.964584147487565768e-03,-8.198488176814233697e-03,1.558594296011429382e-02,-4.732885853109565673e-03,7.910184630802188921e-03,2.145686216640762395e-02,-2.979991645153483998e-03,-1.134197248378097066e-02,-1.717528605144556450e-02,-9.305888467837695674e-03,-1.427003014086320083e-02,-9.543870146126044729e-03,2.215621495143045572e-02,-9.647267758190570391e-03,-4.212677050488163738e-03,-1.029542854087510916e-02,-4.592915648093181917e-03,-8.452948262887907682e-04,7.674807542994913426e-03,3.607699912411461290e-03,-1.405489938150907003e-02,-1.719170186533250724e-02
-1.204017268331665676e-02,-1.035344795100159518e-02,-1.230699171139711806e-02,-1.213212124555437116e-02,1.237595377583356263e-03,-1.183771977670115133e-02,1.239434454434500989e-02,-1.182151788227304469e-02,-9.364663100366668602e-03,-9.415572728331609090e-03,-7.906923646298504027e-03,-8.324363371751495461e-03,-9.561708788861188538e-03,-9.571310851663634989e-04,-1.089123994783209280e-02,-1.217010624986528816e-02,2.843908801360811936e-03,-1.199154224198313058e-02,5.469908940292842608e-03,3.007593368988776411e-03,-7.815164269427844063e-03,-1.149385536805224914e-02,-5.741699101132594768e-03,-1.264486617912737726e-02,-6.920910071465323846e-03,-1.161285543482433978e-02,-6.731743363541989149e-03,-1.101536992812121758e-02,1.224011846571142030e-02,4.667384802508422678e-03,2.150312737231001650e-03,-1.020059737507673925e-02,2.282264690671853904e-03,-1.104368220518059905e-02,-1.194141742068018097e-02
-1.624043484907807672e-02,-1.413256526578717323e-02,2.403744819795361476e-02,3.020614532453412548e-02,-4.902007061012883006e-03,-1.233648325081163760e-02,-1.166341158899730779e-02,-1.577727471164596523e-02,-3.159163783290756464e-03,3.721068786393944006e-02,-2.600254119422109114e-03,3.914624760357960850e-03,6.370763798444648712e-03,-1.521889794223029585e-03,3.239992909240928254e-02,-1.072974467203759510e-02,-5.087089164241631080e-03,-4.118207906113951697e-03,-1.338893061041422812e-02,-1.209818292826453714e-02,-5.784154208685775810e-03,-1.705615092278385536e-02,-1.582249627261536964e-02,-1.259396496128871966e-02,-1.482411283484899069e-02,-7.776808987529059899e-03,5.318555304769935835e-03,-2.274558096203119564e-03,-1.123277056160675025e-02,-1.681054583039164399e-02,-2.715153320645494195e-04,3.408252008153532173e-03,-1.697134901435788656e-02,-1.117767709417696008e-02,-4.157737152455702467e-03
-1.228104660216822706e-02,1.325392803872845783e-02,-8.354636880590796816e-03,2.359005306016343298e-02,-4.177616891137446269e-03,-1.476627467396838568e-02,-1.192905824437832767e-02,-1.257173620065646716e-03,-1.230523906652233185e-02,-1.460093746263392556e-02,1.654458073851340291e-02,1.783735006737010437e-02,-4.854402442858295023e-03,-8.704700069526064704e-03,3.804820932067831327e-03,-1.328466403612084401e-02,3.528280088265035863e-03,1.142460236855211662e-02,-4.565606511119314238e-03,1.760816066353335790e-02,5.029555530015970138e-02,-1.447580082969540487e-02,-4.828889673638468195e-03,-2.432672244417219409e-03,-1.401274414077262678e-02,-5.233659398530527904e-03,-1.893613798969410317e-04,8.861046263780704771e-03,-5.000422906004472860e-03,7.700281978247057804e-03,-4.827282390885210064e-03,-7.487081122818076487e-03,-7.931763907230902910e-03,-1.349039607367384479e-02,1.854253472145354215e-03
-8.447321913479157590e-03,-1.252598687649300255e-02,-1.064047424594805231e-02,-1.121762712808652834e-02,-1.038880762104166071e-03,-1.264687565882789862e-02,1.445714496373688880e-02,-8.927353736364622774e-03,-1.098007478653405082e-02,-1.195858310822301741e-02,-1.204792223299428963e-02,-1.323868165782030211e-03,-7.866278198558722401e-03,1.535303271006456700e-02,-1.039466524425877204e-02,-1.052641733612595665e-02,1.784811304219691142e-02,-7.158178022963350255e-03,1.239389672563814132e-04,5.865304319310354203e-03,-9.731341199990568500e-03,-1.071495061999035159e-02,-5.646877255803327972e-03,2.304773718568133359e-03,-8.541739225680701139e-03,-9.491321243614434661e-03,8.898996818333716058e-03,-1.109680648084295299e-02,3.028088635081468971e-02,2.491322012372756273e-02,-1.217242773934371775e-03,-1.143895825067337176e-02,-7.504171676268003854e-03,-1.107397625805987482e-02,-1.348452807173538062e-02
-8.340499069060468632e-03,-1.038234521162920664e-02,2.712060286008869878e-03,-2.012753541202299060e-03,-1.018697462470582495e-02,-9.687356346791492490e-03,-9.298426468330416375e-03,-9.718286091369838370e-03,4.678329951617747444e-03,3.322906079505839883e-03,2.038714866183283930e-02,1.300863255114454060e-02,4.982906627799359861e-03,-8.787271897922322578e-03,1.686479201341498785e-02,2.030997582311163188e-02,-1.702608916414717968e-04,-3.460888113729646866e-03,-8.018299509763718649e-04,3.596731769128573911e-03,2.244232314678722834e-04,3.279844266157987132e-02,-6.814762382205356156e-03,1.472988373187185743e-02,-3.863484025664541167e-03,-8.749917494967165629e-03,1.245893015790125458e-02,5.029738774138921981e-03,-8.351774003261133728e-03,5.766081962585108134e-03,-5.772902179242875645e-03,4.688096598278486751e-03,6.052702078490589110e-04,5.693774904481473109e-02,7.951699597735874259e-03
-1.212499880811701222e-02,-1.028889208963014966e-02,-8.265735497244176139e-03,-1.169054448593920097e-02,-4.179553361778409228e-03,-1.189511889562771575e-02,-1.409954742480985096e-02,-1.144209313097767529e-02,3.164101036180876764e-04,-1.301503622286121972e-02,-1.341006130108820041e-02,-1.490744785779956477e-02,3.878973780042108133e-03,-1.393041794106768434e-02,-1.338831845131677710e-02,-1.359814617456647778e-02,9.638173122248580929e-03,-1.235152328468023739e-02,-5.222806543993775349e-03,-7.155741999394231619e-03,-1.275115887996292573e-02,-1.546669801767350770e-02,9.012265316475955024e-03,-1.253066624909758217e-02,-4.859643397236137509e-03,-5.779375134040471221e-03,6.981526580560407091e-04,-1.293886003917424192e-02,-1.582548453913788095e-03,3.413472260371277350e-03,-9.024955955689584197e-04,-9.519203308070886896e-03,-3.270456399996752445e-03,-1.128051722462924955e-02,-1.356355480167202587e-02
-1.381648377048761561e-02,-1.485195314156198543e-02,-1.201796332165230331e-02,-1.604248701446771286e-02,6.285770429647570545e-03,-1.496128186262079066e-02,-1.433067148374346164e-02,-1.511761585920085027e-02,-1.178969940990184755e-02,-1.564461691313846076e-02,-1.371741477742834808e-02,-1.253729188071947900e-02,-1.995576159721915155e-03,-1.019647481718752476e-02,-1.461965008727159239e-02,-1.155542891317474542e-02,1.692427398331489488e-02,-1.470918619922076745e-02,-7.257318423888504608e-03,-1.254007467379727667e-02,-1.340485329781055182e-02,-1.431796462507005027e-02,2.531740462324197360e-02,-1.247390489505255384e-02,1.169900694580113809e-01,-1.142603476159651660e-02,-1.316929941576558752e-02,-1.441737677633881179e-02,-2.748256431554154527e-03,-1.289367987714132649e-02,1.463286186869572347e-02,1.493829977847320988e-02,7.726945602427755244e-02,-1.212194297642981561e-02,-1.491583709534577938e-02
-1.319184035400679765e-02,-1.367695489459700223e-02,-1.164124869689450378e-02,-1.273846642387569707e-02,-1.201778685495363298e-02,-1.366337857792464250e-02,3.590152078891318058e-03,-1.399127299245175350e-02,-1.186694802569876646e-02,-1.545636193841179798e-02,-1.412195033120483209e-02,-1.558036419963508210e-02,-1.099415745758422491e-02,-1.029350757758550408e-02,-1.343430229552651164e-02,-1.251922733887971852e-02,6.716350789313594791e-03,-1.319591970842811865e-02,-1.398274946121939172e-03,-1.002213984515976097e-02,-1.054530607551693554e-02,-1.465234679874107340e-02,1.563961609617720017e-03,-1.297089204469853256e-02,1.353012777461414309e-02,-1.221634966903184169e-02,-1.211065601358043975e-02,-1.483379037951780902e-02,-8.203757909483914285e-03,-6.518638966417644905e-03,-2.506233464262107996e-04,-1.097329308172976040e-02,5.481467243486954841e-03,-1.383522948214096007e-02,-1.573241984664176807e-02
-1.349653644195058372e-02,1.165521825338210714e-02,-1.119560109536711645e-03,1.629528796760889783e-02,-6.304881435209210711e-04,-1.684705768249191923e-02,-1.430249597247415343e-02,-4.641427112951748701e-03,-1.574879255226106778e-02,-1.017443478904254614e-03,2.825900938366807114e-02,1.294183735472969644e-02,-7.451681219745892419e-03,-1.226474382945058964e-02,-8.731101598502353373e-04,-1.173236224132074776e-02,-1.786124752927541540e-03,1.634444966702201796e-02,-1.162316752359361660e-02,3.231904173349384179e-03,6.779352422174478310e-03,-1.403798675020919914e-02,-8.268393062245710939e-03,-1.045691987017947910e-03,-1.349964606506312038e-02,-8.208217098380746549e-03,-1.537054024638226726e-03,6.119906752810534006e-03,-1.210610772478448727e-02,-5.115619600649622990e-03,-7.629954551544818053e-03,-6.447437636681794398e-03,-1.458234500341982001e-02,5.221227418582802260e-03,7.402449948805987084e-03
-1.259653189171524960e-02,-1.118453239432446074e-02,-1.065154531868354321e-02,-1.459326215263472525e-02,-9.736423576085600357e-03,-1.734175053698797792e-02,5.031578383548056255e-03,-1.398265273477136868e-02,-1.370807615371149625e-02,-1.639977476493946137e-02,-1.382111679263896276e-02,-1.395516596680097636e-02,1.988073262081390888e-02,-4.405149014212957764e-03,-8.815816234566051235e-03,1.025133015028359754e-03,-4.218837623040732308e-03,-3.297983523624184801e-03,1.263638475263425924e-02,-3.298107940553211478e-03,-1.403552426800763753e-02,-1.520322476029994756e-02,-1.268204659707960515e-02,-1.485878248429307880e-02,-1.161123688732703177e-02,2.370173878024025779e-02,-1.030020452333504921e-02,-5.030549874580897765e-03,-1.301703971453426270e-02,-5.327352048663031546e-03,-2.154574726237729054e-03,-1.101994148913940444e-03,4.637067067442244422e-03,-1.430068855899205987e-02,-1.717741795454715004e-02
5.921705742063454458e-02,-1.369892214901308712e-02,-1.288306989825544618e-02,-1.324359545106171612e-02,-1.307025168621250670e-02,-1.312733406286364923e-02,2.608021357604710377e-02,-1.421749768026659561e-02,-1.165735008052557961e-02,-1.449442446540087637e-02,-1.354150224280828603e-02,-1.200981648840144037e-02,-1.272913375524424226e-02,-1.220958168046828822e-02,-1.341304012194641064e-02,-1.080978076573186480e-02,-5.149032017369302612e-03,-1.404901541057986848e-02,3.872209329299828445e-03,-9.075783041513914295e-03,-7.421577501358385745e-03,-1.290704496214311117e-02,-1.071706480003986259e-02,-1.132626036426125256e-02,-1.278191231465437665e-02,-5.065540439061310199e-03,-7.805628057488281715e-03,-1.351622049789855118e-02,-1.939953504348626567e-03,-4.784057917722748902e-03,-1.153802606843281307e-02,5.288220212071247442e-03,5.339683003659414368e-04,9.684898642248435802e-03,-1.271536758354628247e-02
5.907902959573570201e-02,-1.354238439353983026e-02,2.248320388344671877e-02,1.828164375497946109e-02,4.197478529764568297e-03,-1.285085601912031722e-02,-1.447047989508223192e-02,-1.133331447718865029e-03,1.131346324048656052e-02,1.405141540530699916e-02,-8.139599258358564543e-03,1.107406736065826361e-03,-4.213871603360783320e-03,-4.427024345992531390e-03,2.996758408964674339e-02,-1.108850180749570459e-02,-4.394600705720328772e-03,-5.318324268630636974e-03,-1.260930142755013750e-02,-4.473273140408737421e-03,4.840109320028684534e-03,1.496541736443040421e-02,-1.156276220779312025e-02,-1.439721694194218138e-02,-1.234519754545752857e-02,2.292189345768259542e-03,5.568564643664754982e-04,2.948579425048513530e-03,-1.327043267836875221e-02,-1.016227937185233340e-02,-8.275126249061848238e-03,-8.847023054543786888e-03,-6.238161373427055650e-03,-1.267085514455516988e-02,-9.348731400953200210e-03
-1.050606888600158322e-02,-1.050541607979453736e-02,-9.584018446259008617e-03,-1.191145133361043440e-02,-6.702902389950134848e-04,-1.182233785805292953e-02,-9.021056711457153127e-03,-1.340745560176684857e-02,-9.388742160848961155e-03,-1.379821777891946863e-02,-1.354040548869990361e-02,-1.070414223495522177e-02,-1.925804724057273917e-03,-5.949583467198567635e-03,-9.942616626275045319e-03,-1.203827969772246903e-02,4.469463497285677822e-03,-1.145749417023550661e-02,-5.780748135333173970e-03,-1.057690657875045084e-02,-1.211321185336378461e-02,-1.095470732822288740e-02,1.745857953367342674e-02,-1.166766110188937992e-02,1.081302481920763496e-02,-1.298682170148653982e-02,-1.039312919046538573e-02,-1.243126819300828523e-02,-5.917229888620051219e-03,-9.911437946369641011e-03,-1.238804365648618622e-03,-4.936652918765592826e-03,4.894230252437079334e-03,-1.180603296696922447e-02,-1.531341920130068965e-02
5.753482909713546894e-02,-1.353502277550152830e-02,-9.910267685526188280e-03,-1.250226376502314336e-02,-1.207485933140230346e-02,1.291808549446641502e-02,5.658515118195261984e-03,-1.474308375393334515e-02,-1.394081896892788996e-02,-1.348090839458361209e-02,-1.490194806291429523e-02,-1.417052882815173116e-02,-1.113070810565007680e-02,-1.575544757002074817e-02,-1.162874027011043948e-02,-1.346927168059370780e-02,-5.150741514612679206e-03,-1.331307647594760953e-02,2.621564718584493830e-04,-1.158916373178377028e-02,-6.550166268211437930e-03,-1.449356332081049720e-02,-1.106499910483103692e-02,-1.455856898079487330e-02,-1.205193955572167637e-02,-5.600786224194602078e-03,-9.076784471260760517e-03,-1.680954883011097009e-02,1.727397474425358681e-03,-4.345609969162974977e-03,-1.196710789647164284e-02,-1.023905416324690301e-03,-1.109430906412790796e-02,6.229954260299347402e-03,-1.371310071447104199e-02
-1.026024055881324427e-02,-1.029681431903275469e-02,-7.468877030474102910e-03,-1.146962877631317775e-02,-1.956090440162111359e-03,-1.066036453590490929e-02,-8.290762773948551212e-05,-1.091528005812344992e-02,-9.916211877704968897e-03,8.546843414548692397e-04,-9.135301611621238216e-03,-2.565352490810148510e-03,4.592606210739896833e-03,-2.553562696983365660e-03,-9.119967216983070057e-03,-7.789914450902232432e-03,1.564522362535644348e-03,-9.665535728325616235e-03,-5.108076231479590293e-03,-5.984309995311487898e-03,-4.276870285343269303e-03,-1.117656621528892447e-02,1.037234155439380884e-02,-1.010734674485267923e-02,-2.348385588113446540e-03,1.406849567670959318e-02,-9.042969850679868221e-03,-1.144532672451959061e-02,-3.058563978275135632e-03,-9.166196330564474817e-03,7.630618616809147631e-03,-5.292946945502105191e-03,-8.670254494182023930e-03,-9.341144666980149072e-03,-1.063112905998357845e-02
5.793299207085254171e-02,-1.170903458323072945e-02,1.620575370166606882e-02,-1.187191956597929282e-02,-7.227366929377386506e-03,-8.915012871362537616e-03,-3.450882801151498175e-03,-1.177657329199672219e-02,-1.210397846280450614e-02,1.590400239381379796e-03,-3.338811096027656869e-03,-9.980729331085822637e-03,8.234794041500950387e-03,6.758979766412329462e-03,-1.107540624905700537e-02,4.750320759688334005e-02,-6.262630356862470063e-03,8.300060567984218415e-03,1.175028041439566719e-02,1.991300389278719690e-02,2.396524248912749490e-03,-1.441029665950973281e-02,-9.873416058756212879e-03,-9.708126337311225040e-03,-9.322496355333474011e-03,1.211073456165988674e-03,2.441518892285658715e-03,-1.381304336673115987e-02,-2.494689128786243409e-03,3.065278284481470772e-03,-7.244162804026016075e-04,2.461314830942643722e-04,-1.348060574637226228e-02,-1.179249832323866348e-02,-1.129767657762933628e-02
-1.151383164659988863e-02,-1.390122217737435779e-02,-3.694452251585684556e-03,4.551712867010422950e-03,-1.209235505263820017e-02,-1.413624939100290891e-02,-8.448113580810382578e-03,2.259912973180024792e-02,2.039917610189536518e-03,-1.289197700002647946e-02,-1.166240681570220733e-02,-5.133915075958057732e-03,-9.730231226564647895e-03,-3.580469143645893110e-03,-1.180784950937475986e-02,-1.427524328665616925e-02,-7.665129099038580848e-03,9.685293270748705774e-03,-2.649927786884755977e-03,-1.303416254637062947e-02,-2.241472346812050861e-03,-1.232687192198734204e-02,-1.093989598733790744e-02,-7.872826260217676703e-04,-1.138578824528081040e-02,-3.313562922417481738e-03,-1.447081660838838053e-02,5.048613447107710636e-03,-1.234045027434478234e-02,-1.067346086632931998e-02,-5.530197981583221539e-03,-1.959851735393597014e-03,-1.027215881827802865e-02,7.563943259690996193e-03,7.088234958484741777e-03
-1.367918906093379579e-02,-1.332378216045623093e-02,-2.350873906175698566e-03,1.360683850479512888e-03,-3.126970398403773263e-03,-1.254130606026667392e-02,-1.619246995907113601e-02,-1.338665393166502127e-02,1.039507139697377555e-02,-1.608054429157014173e-02,-5.088655310201972704e-04,-6.076321369260777316e-03,-7.984934348956019418e-03,-1.144895768185127255e-02,-3.619936334748330431e-04,2.353371875635886651e-03,-4.065600623248969737e-03,9.585096863701290590e-03,-1.012182539417360444e-02,-3.249206584333096809e-03,2.285933042015022079e-03,2.445375600021263557e-02,-1.086328675149465968e-02,-4.627739150223023762e-03,-1.176853383011340973e-02,-5.886033550958876329e-03,-1.496905886601585314e-03,7.681405596333758939e-03,-2.784357573344047043e-03,7.212861021386659036e-03,-8.432138513073113989e-03,-1.029610803226252772e-02,-1.136765253583670379e-02,-1.163707297340485849e-02,3.345425959509568115e-03
-1.642065403816532487e-02,-1.252167659037746461e-02,-8.923044945821110435e-03,-1.660641991889826377e-02,-1.256051091940511323e-02,1.274441444870648595e-02,-1.469844587116641947e-02,-3.862828117137125095e-03,-7.369530338912581163e-04,-7.119152707538867891e-04,-1.699220772973777938e-02,-1.211044138733720354e-02,-1.293165983963624061e-02,-9.221132969348937863e-03,-1.348256729607705436e-02,-1.997020453548360719e-03,-1.179417791432683937e-02,-1.557777670247542309e-02,5.554626924026709323e-03,-1.625702890914638293e-02,-6.346966827015168913e-03,-1.531573248086021653e-02,-1.115234719410801781e-02,8.358151633427825244e-03,-1.351434721850248120e-02,-8.551885821928830941e-03,-1.584643113515368448e-02,-1.696138867571659464e-02,-9.012736564374696641e-03,-1.294671675138767825e-02,-1.182968412787927664e-02,7.908565329538229383e-04,-1.414738107260662264e-02,-1.668277161118297824e-02,8.666483070800118371e-04
-1.423741092117191895e-02,-1.465589115310112628e-02,1.519944320324132306e-02,1.680116344310794707e-02,-7.952189649713923419e-03,-1.675152306307520905e-02,-1.071706846124896931e-02,-1.563306383220175108e-02,-1.466769130001938613e-02,1.343426318235994323e-02,-9.747622517842046211e-03,-5.305357039484879036e-03,-6.828433422231699329e-03,-1.930582260525753879e-03,4.120314069159880868e-03,-1.460391204295588378e-02,-8.451330593657983836e-03,-4.656825528197686831e-03,-1.275355279943288407e-02,-1.371224990054524875e-02,-9.172516549069139463e-03,-1.678594701575295695e-02,-1.112575191864550485e-02,-1.390221956593408643e-02,-1.561669853888820840e-02,-9.114165470887785822e-03,-7.027780186994247308e-03,-2.714847340431114989e-03,-1.742136954594726908e-02,-1.168666068414442490e-02,-5.856627912489651214e-03,-8.734549937640924411e-03,-1.680421004477980138e-02,-1.882385981909734732e-02,-1.326459152534077701e-02
-9.400509478445895351e-03,-1.489129962464657078e-02,-1.059175082303195209e-02,-1.350413876512026115e-02,-9.352784681925350660e-03,-1.484145681031432025e-02,-1.286554163957060772e-02,-1.112091042800060145e-02,-1.394536148722572838e-02,-1.335688335607907416e-02,-1.474237092316454598e-02,-9.822432859741754216e-03,-7.869757426584040455e-03,-7.317641440712285839e-03,-1.139526203733669252e-02,-8.549486838012399295e-03,3.822469151423885797e-03,-1.374894052242374778e-02,-4.840266053231920794e-03,-7.933285215644368671e-03,-1.002224898076014767e-02,-1.087448259196481352e-02,5.360754501567668168e-03,-1.180079417262739835e-02,1.664346132840240772e-02,-8.640379447667366833e-03,-1.387633448792057432e-02,-1.297483982693803210e-02,-7.064944323286550393e-03,-1.121411092787934910e-02,-6.988484759863043683e-04,-7.088527177560071529e-03,8.163454715897116437e-03,-1.259031467445281133e-02,-1.499873538643329771e-02
-1.286759070543901963e-02,-1.698117428857569972e-02,-2.954495383749006221e-03,-7.811346645724016186e-03,-1.405888753685756963e-02,-1.457520700728180164e-02,-1.180225813357953062e-02,-1.415950601077672899e-03,-1.670883553774064542e-02,-1.620881945559062356e-02,-2.749031614717706296e-03,-7.741066474589982337e-03,-1.454048822040932692e-02,-1.262117498119686917e-02,-8.243332904564353025e-03,3.287726901630094734e-03,-5.606287173160680835e-03,-8.337556294927748329e-03,-3.755199499229592425e-04,-8.900163313871682982e-03,2.250927794376494928e-04,-2.742249230311383235e-03,-1.100143457850802711e-02,-1.601314080322123815e-02,-1.248874127748807183e-02,-5.970931507816894940e-03,-9.597711959621803984e-03,-6.941641349878893349e-03,-5.318415168848748299e-03,-1.806055520237575054e-02,-6.813197258996848277e-03,6.283615965736951553e-03,-1.072670438038187020e-02,-1.398175937555483882e-02,-4.261087865544379433e-03
-1.122934658042540335e-02,-1.183375309232371012e-02,-3.291703792808468171e-03,-6.817526752820679894e-03,-1.357066771113731377e-02,-1.350901265809117090e-02,-1.267265845502841583e-02,-1.208223212535870436e-02,-1.195768166210418870e-02,-3.504683937659448106e-04,1.577935423798485295e-02,1.365933633594454584e-02,-1.391246077298459970e-02,-1.106761886527332303e-02,1.567097156420618059e-02,1.764052712978600793e-02,-7.078283062136547094e-03,-1.431484874685227081e-02,-3.379137102999688579e-03,-3.593673458269075818e-03,-2.118332766304079767e-03,4.305156064190063941e-02,-1.153285144938277947e-02,1.035267389447944858e-02,-1.007556974315657917e-02,-1.302081274819841088e-02,-1.116097090251820696e-02,1.963498667509108384e-02,-9.138066527553246124e-03,-3.514276525515347589e-03,-1.008653649105752462e-02,-7.585631083355611273e-03,-9.102253392653750913e-03,5.379864209738230429e-02,8.675959061614814394e-03
-7.607248335298804828e-03,-1.212919268589854847e-02,-9.488295355250543281e-03,-1.160761945788247630e-02,-8.408026116840371447e-03,-1.170999961430333088e-02,1.018353142853977919e-02,-9.111725471100489554e-03,-1.002200313199991082e-02,-1.023453682465534816e-02,-1.351894108554531695e-02,-9.337889438110480445e-03,-9.577269029189459243e-03,-2.614800765751412390e-03,-9.090541815830997102e-03,-1.010030651290738310e-02,-2.349902410725256824e-04,-4.497716767444482656e-03,-5.441523017547581637e-03,-8.366810085964253643e-03,-8.912567156987504305e-03,-1.046041534935676122e-02,-7.271133001594936793e-03,-9.452438958051629855e-03,-8.194934749142929187e-04,-9.676573515096395170e-03,-1.115263191514195319e-02,-1.137579431319190280e-02,2.777174203772662248e-04,4.940507763487866910e-03,-3.113113239411382030e-03,-3.911770592681412806e-03,5.021677958272345588e-03,-1.151457824806271721e-02,-1.385140725972061962e-02
5.781136166590123554e-02,-1.163881826231850242e-02,9.308154392725743326e-03,-1.453237572491470134e-02,-8.304329246832923075e-03,-1.083876091190108699e-02,-8.391786784402333055e-03,-1.429782072419302427e-02,-1.004513062210567187e-02,-2.366064564490299310e-04,-3.704168009464084768e-03,-1.104973875265766355e-02,9.155531870422511584e-03,2.966428100123250089e-03,-1.163982657616878004e-02,4.459199082200285269e-02,-7.390081709021664030e-03,1.732621826505459720e-03,6.071536461762800513e-03,1.788271474130103539e-02,-3.133964425725738884e-03,-1.220278281020727856e-02,-1.095477402411891218e-02,-1.308033757938525596e-02,-9.443088179862144799e-03,-4.321339015547638260e-03,1.019145197491657523e-03,-1.449381622762018797e-02,-6.047743756183595297e-03,4.513456182876348505e-03,-9.419224977900346116e-03,-4.333838927651165532e-03,-1.025409857060059944e-02,-1.157558757869539892e-02,-1.286152946028667338e-02
-1.318157297640424122e-02,-1.417075851193826119e-02,-1.140800984429059944e-02,-1.805637172819709452e-02,-6.614975373365602693e-03,-1.413550517107089316e-02,-3.140780590509319528e-03,-1.529824761230533757e-02,-1.392473719028902886e-02,-5.318174262451142581e-04,-1.630687508919647852e-02,-7.584707487290212949e-03,-2.318823807715284652e-03,-2.948802583232861679e-03,-1.120742161074881130e-02,-1.211089297424790615e-02,-7.247720052905149909e-03,-1.505448948139624481e-02,-9.826066892915961276e-03,-9.126119689445337871e-03,-8.475262172837038852e-03,-1.381169852345883256e-02,6.520887950613275114e-03,-1.465974650316953683e-02,-7.480983503016201686e-03,1.131761722518844111e-02,-1.363357617944051595e-02,-1.678067816162497061e-02,-9.993421499403897304e-03,-1.386109341734846102e-02,2.855295191381196362e-03,-7.951350127033920967e-03,-1.263777933859119330e-02,-1.551727670562457612e-02,-1.656746028739569665e-02
-1.339438428512462927e-02,1.322365927386370127e-02,-7.236486959179604973e-03,5.445242000381676772e-04,6.691750857969868543e-04,-1.552596465119209304e-02,-1.289919604000240409e-02,-1.363807392111726288e-02,-1.562139151638571206e-02,-2.927140088740606827e-04,2.242199260671811495e-02,7.662259516112299856e-03,-5.310831887186309892e-03,-1.158055340033355488e-02,-7.414338660592469099e-03,-1.336875895293420866e-02,-4.573087724653286147e-03,6.769996758962781858e-03,-1.251186847902113243e-02,-4.151362778454471478e-03,4.378408097036403518e-03,-1.380102078352448726e-02,-1.130028931174264541e-02,-1.854133083528547790e-03,-1.416349870953917747e-02,-1.387197857829828435e-02,-7.221929892810258211e-03,7.138476284916098896e-03,-1.115586529135391240e-02,-7.520166057685721654e-03,-7.253601393982631387e-03,-9.361762980985470842e-03,-1.378008284185068197e-02,5.920239597809608123e-03,-6.928285317664935328e-03
-1.226213052773694051e-02,-1.321322653929039859e-02,-4.796432551975320265e-03,2.319880007615368264e-03,-1.144045231326461937e-02,-1.227767165807881929e-02,-8.611751783440181607e-03,2.190664197520152123e-02,-9.767286340695187363e-04,-1.284151773700748303e-02,-1.001853445766593201e-02,-5.805153399828412095e-03,-1.074874669696473765e-02,-7.101161156267077335e-03,-9.825250683070683999e-03,-9.634364273237232615e-03,-6.894596703331589381e-03,1.748026962821235680e-03,-7.963478106720137464e-03,-1.288362929987301592e-02,-3.597415483401298665e-03,-1.198866448585276558e-02,-8.869142780775187557e-03,2.152867562050849587e-04,-1.199199349625710079e-02,-3.115342121902307804e-03,-1.178647679397348304e-02,4.211212850505890309e-03,-7.996650105680709955e-03,-1.231289624164859896e-02,-4.483694522150470305e-03,-2.058685167395804885e-03,-1.395300540604163357e-02,8.622653901025383733e-03,7.063424337121676500e-03
-1.238121098796506406e-02,-1.549066715392226345e-02,-1.412549328696437873e-02,-1.504836487623295409e-02,-6.672059228416438691e-03,-1.612107845742838733e-02,7.635338333064243047e-03,-1.439634902465893214e-02,-1.351793136130937344e-02,-1.348291896212335146e-02,-1.808566535317977786e-02,-5.770278094739162041e-03,-1.655598653706151849e-02,3.928335139289466926e-03,-1.163975290646455593e-02,-1.278408109068814372e-02,9.471922592712185562e-04,-1.377546786094771027e-02,-4.998425509671808147e-03,1.856389295304367720e-03,-1.202559863864388276e-02,-1.428153496645003309e-02,-1.331709941567531946e-02,-3.472400150859179802e-03,-1.258296502187643100e-02,-1.390983142093221020e-02,1.386975353002695144e-04,-1.237611425126022499e-02,1.334930469611029548e-02,8.779390031838085751e-03,-1.085190071526082392e-02,-1.069651772241627351e-02,-1.157932175182432334e-02,-1.396777226000836883e-02,-1.779740267441505194e-02
-1.466145581312093549e-02,-1.245054078889856405e-02,-1.243051063071244459e-02,-1.671462888797136531e-02,-1.047635717208536717e-02,-1.485798670714049384e-02,-1.661073773434126530e-02,-1.376396506006308598e-02,-1.661410381967830599e-02,-1.510776217535643798e-02,-1.288516483888614561e-02,-1.344649323833647589e-02,-4.199991340453145851e-03,-8.608464547772066988e-03,-1.238570148587316185e-02,-9.755524040787538070e-03,-5.357100725976713697e-03,1.571666248357065157e-02,-5.145620082751213922e-03,-5.606137616579947441e-03,6.140188380116493386e-03,-1.559229853723290843e-02,4.877381200491838487e-03,-1.475476596431263450e-02,-1.396099602375600740e-02,-1.508777562308277059e-02,-1.224558959928134967e-02,-1.551543161725842113e-02,-8.656485292111599020e-03,-8.466677183339068463e-04,-3.218961511947410897e-03,-3.468164279967447805e-03,-9.134730572160881801e-03,-1.372485773969706231e-02,-1.591464062909841645e-02
-1.066675993872637750e-02,-1.049518265067246603e-02,-1.152514376857649049e-02,-1.213691882492707978e-02,-7.823716243606854831e-03,-1.367907105865774978e-02,-1.133437501291402645e-02,-1.097189953201316986e-02,-1.367748167096332138e-02,-1.053628412985627670e-02,-1.305248514289706480e-02,-1.198403890832867164e-02,-6.148722203928527405e-03,-6.086717272790692981e-03,-1.010299089268540916e-02,2.740816965595877647e-03,6.994740801429290278e-04,-1.345590577130641868e-02,-7.841031658569027479e-03,-9.725062306418928021e-03,-8.553180754338078617e-03,-1.234327023143548703e-02,-1.910556222881482254e-03,-1.215095869199512950e-02,-2.904826953339403189e-03,-2.868873812015599808e-03,-1.225425102817567433e-03,-1.281459972833043012e-02,7.468730247396158928e-03,-1.386178142641037239e-02,-9.480637943859259939e-03,-6.025015498425668678e-03,-5.048549357689083479e-03,-1.372056034199047037e-02,-1.423626552859581784e-02
-1.210882726918860626e-02,-1.252093543254450408e-02,-6.465120648689874801e-03,-1.332238751839014829e-02,-1.279605076987940480e-02,-1.455828304671053126e-02,1.591397861789276696e-03,-1.585204587477485189e-02,-1.145238206921678041e-02,-1.339900017573140457e-02,2.745794590910627039e-03,-1.203200767667971134e-02,-8.633866348848120986e-03,-1.011146582155077710e-02,-1.232632617046770969e-02,-9.460581100140598096e-03,-7.916199493236648205e-03,3.462142847267571724e-03,7.305012489461843936e-03,-9.003790797097304191e-03,-2.759101143171347088e-03,-1.153793810445732752e-02,-6.687429561650092696e-03,-1.283931443806666552e-02,-1.033846977042878618e-02,-1.090391469992802072e-02,7.522312454119351247e-03,-1.217234865536999562e-02,-4.667337150324431423e-03,-1.032447171295093440e-02,-5.561220657022901762e-03,-2.149970502739025069e-03,-9.310832876758261267e-03,-1.231274542525109296e-02,-1.328656806337493931e-02
-1.097870343986537961e-02,3.570586516331356042e-02,-5.981520890107971423e-03,-5.437816569684346402e-03,-1.011389195394931870e-02,-1.607557308189387288e-02,-1.163003460038709511e-02,-1.235206042216735467e-02,-1.262686576915677053e-02,-6.139522840748132260e-04,-9.293828345363380761e-03,-7.325407653111229087e-03,-7.423969074100911919e-03,-6.505762444114331251e-03,-1.199390216417032563e-02,4.095664940971863524e-03,-5.582391194538930887e-03,-1.234183521515190216e-03,-6.539954190480735952e-03,-1.047222136177961178e-02,-5.455691411807806097e-03,1.693046647787115749e-04,-1.218459191108940340e-02,1.242566821164403472e-02,-1.198861204721177014e-02,-9.333510532210778643e-03,-6.593492926126930630e-03,-1.158598128727728570e-02,-1.088413652268347201e-02,-1.150193169687854788e-02,-1.383531933341348996e-02,-1.879077151517190986e-03,-1.112556390404390895e-02,3.220690955056920712e-02,1.171367384115682905e-02
-1.228286260420335431e-02,-1.322750513781797109e-02,-1.076066128864255726e-02,-1.426346757182566163e-02,-1.211795564254002436e-02,-1.355967232267481747e-02,-1.291991529490199228e-02,-1.233213356208315813e-02,-5.353753312489269861e-04,-1.304304786827928560e-02,-1.066543969164802583e-02,-1.082795774258084320e-02,-1.298529632906596405e-02,-7.167452051359390203e-03,-1.034162701995604283e-02,-1.198835254915965425e-02,-3.477682725597362745e-03,-5.883172454594048049e-03,-1.620277842153135250e-03,9.129535250008150721e-03,6.984667516956814121e-04,-1.217652644944873172e-02,-7.233532222970969795e-03,-1.379335270898897521e-02,-1.370879675750073107e-02,-3.791601041205501163e-03,-1.461588389027329224e-03,-9.687891610763322420e-03,-4.345743490624174969e-03,-6.808644584029737747e-03,-7.044909347465988514e-03,-4.991294370409937384e-03,-1.249673748788354688e-02,-1.353804687692725280e-02,-1.353949544347953990e-02
-9.380948877013527837e-03,-8.379941093455777965e-03,-1.040457431066786100e-02,-1.104707472766380295e-02,-3.508501838616343276e-03,-9.992056343254535067e-03,-7.270279965279334913e-03,-9.519297647192717302e-03,-9.159579073123135309e-03,-1.012809288906700578e-02,-1.025532737956954578e-02,-8.836872373567099953e-03,6.275713469006811290e-03,-8.035111083213902078e-03,-9.784874573347765794e-03,-1.063291567934741833e-02,3.113148684940216133e-03,-1.198933322411936155e-02,-8.207355919729996535e-03,-6.826836198729650113e-03,-9.420535083553333369e-03,-1.062802416175242202e-02,8.369047022250414303e-03,-7.611578846613347923e-03,-6.497440930836413317e-03,-1.165533520451810315e-02,1.922382989667757724e-04,-1.179981899887598031e-02,-2.652243110972858815e-03,-7.316276429268165314e-03,-5.154583800614483471e-03,-1.133377830868991312e-02,-3.448787669040292818e-03,-1.084800486885990900e-02,-1.114853140482862520e-02
-1.527282110945135142e-02,1.149296528051525247e-02,-7.854635990511591587e-03,-1.313478270013974762e-02,-1.422758841327989056e-02,-1.333767327237822542e-02,-1.565885079967838101e-02,-1.409171268023188400e-02,-1.339445460012660821e-02,-1.439486274612720301e-02,-9.535295677637230238e-03,-1.567994922457069396e-02,-1.377020230514256274e-02,-8.122886102870773700e-03,-1.411554820948632966e-02,1.444778931402998165e-02,-1.317092689177949694e-03,-1.323115462127719827e-02,-8.041269582119257506e-03,-1.452933666664460617e-02,-9.848006103828828642e-03,-1.729977574003270166e-02,-1.338243049470810332e-02,-1.824771765269773971e-03,-9.118170037370920689e-03,-1.775458119860800349e-02,1.582151600500947969e-03,-1.525999624731498236e-02,-8.205146805258207304e-03,-1.318421255478180627e-02,-1.223663005840566753e-02,-9.411017730116520014e-03,-7.989179680167508152e-03,8.688817807995966730e-03,-1.527682469270517582e-02
-1.194243471989421893e-02,-9.610228391344342522e-03,-3.403406933095264562e-03,-1.235985733783693738e-02,-4.062409800725046496e-03,-1.092421501996604198e-02,1.913852059398991542e-03,-1.198878555272991746e-02,-9.704379679295513025e-03,-1.035800963414495839e-02,-1.113666889191782493e-02,-9.628457366608852638e-03,1.168257906445022316e-02,-6.889270216797428389e-03,-4.845009058580297678e-03,1.866926582347777641e-02,-7.080073350495226688e-03,-3.948496550835872698e-04,9.176938255140055720e-03,-3.976448174087004843e-03,-1.137176662026910187e-02,-1.072553641580281485e-02,-9.607118463341446368e-03,-9.997734273524004969e-03,-9.998550825679840617e-03,2.929066786131559463e-02,-7.256412409025017260e-03,-1.939950649811707228e-03,-7.746922567199152065e-03,-8.836969224879502247e-03,-7.052651843616902089e-03,-1.285033693925600670e-03,-1.155740555325786637e-02,-1.094348496606211557e-02,-1.143104497840131788e-02
-1.322132744506750515e-02,-1.544237009938162833e-02,-5.763368966219096536e-03,-8.539448735563375664e-03,-1.137082732478643388e-02,-1.313946359961797386e-02,-1.130654947658683157e-02,-1.518717225298531898e-02,-1.276512519396186263e-02,-1.195413207662789079e-03,1.083521467209951940e-02,8.058664660701998425e-03,-1.170773926194309568e-02,-1.377386747747552827e-02,1.277086394963389618e-02,1.719978840455733266e-02,-1.223964664552033670e-02,-1.430905161274855300e-02,-9.246501120227524836e-03,-1.958256664708859368e-03,-1.357392691509905561e-03,2.615540828711579446e-02,-1.463074675384281285e-02,1.297948903946766729e-02,-1.491650599550837022e-02,-1.359005282247483827e-02,-8.460059028631549197e-03,-2.001142875238575217e-03,-1.316220209042498479e-02,-7.595426137198896081e-03,-1.060714061506916328e-02,-1.081130712221572282e-02,-1.474910899319178958e-02,5.195279495800268071e-02,2.789541272820023066e-03
-1.225570561865790831e-02,-1.076548085258322365e-02,-6.579759791963965022e-03,-6.702286807767823124e-03,-1.225376214373838195e-02,-1.686185801884694524e-02,-1.229820683821155128e-02,-3.138349691478628176e-03,1.415611172168353138e-04,-1.464844856512100696e-02,9.905488445218102456e-03,2.063907704701074125e-02,-1.339851855387537080e-02,-9.497272875764411690e-03,-8.858351922119610256e-03,-1.491540491276396180e-02,-2.678332010724170965e-03,3.912692577526828003e-02,-1.124092653442674422e-02,2.889978948198263300e-02,8.159370187856787582e-02,-1.366097122775214445e-02,7.394260889913087387e-04,-1.396218811138460851e-02,-1.061356770797401358e-02,-1.415577387921867873e-02,3.581104070338419001e-03,3.164873788373043922e-02,-1.283064114020761488e-02,-1.196293797878117404e-02,-7.606652477371784668e-03,-5.366213583598695297e-03,-1.303319074354581525e-02,-1.410032677176224596e-02,3.734631812967822984e-02
-1.021314391679248659e-02,-1.263583072512114089e-02,-7.327959575240965313e-03,-1.116336700795528963e-02,-1.005153615985566323e-02,1.410575472321313160e-02,-1.036694501985354136e-02,1.649711143948412104e-03,-1.471987005605765106e-03,-4.582588313780579931e-04,-1.353012069146435764e-02,-1.124945038142418328e-02,-1.003023513495151370e-02,-6.406964800763131386e-03,-9.554661368341897665e-03,2.703750477756802426e-03,-5.382985978747221144e-03,-1.268045829590438815e-02,-9.463083879825140432e-05,-1.163899524724031076e-02,-4.219335514660352802e-03,-1.189726753329804071e-02,-8.209841027246008241e-03,1.310953472435435335e-02,-1.048482376618275168e-02,-1.030078415340748843e-02,-1.351975130332637616e-02,-1.309648237937516800e-02,-2.732010920802282507e-03,-1.204460943374519900e-02,-9.787511879147385574e-03,-7.381805090244736994e-03,-9.488255805357061548e-03,-1.257373528063742557e-02,3.974479696189671396e-03
-1.194797181742713460e-02,-1.444550200536154350e-02,-1.236045909902747618e-02,-1.593857904591518271e-02,-8.744266511393032626e-03,4.232155823457040694e-02,-1.148874491195669111e-02,4.553704653542166303e-02,-1.314198354006464869e-02,-1.630003446600853181e-02,-1.421003722786010753e-02,-6.688511469947767615e-03,-1.005504647018715114e-02,-1.199737167795638867e-02,-1.378110487638510226e-02,-1.186535646765327599e-02,-9.102396194075566827e-03,-1.767851567740564081e-02,-1.118898710272240443e-02,-1.258178116602498391e-02,-1.139561561531960213e-02,-1.459240739942452118e-02,-1.309145380201264496e-02,-1.129426748483076427e-02,-1.272983792413382755e-02,1.596593134315907672e-03,1.655496974299354093e-03,-1.621189550878656890e-02,-1.300616512800304575e-02,-1.202604082334400755e-02,-9.294536548689663960e-03,-4.580205452630639953e-03,-2.844901345696130082e-03,-1.301670336708834856e-02,-1.495601768767568576e-02
-1.164947893902590521e-02,-1.230740450121142575e-02,2.357878509277969506e-03,-3.178549110659466964e-03,-9.925323360988291127e-03,-1.013868940877557523e-02,-9.876718834173672454e-03,-1.250771278514437382e-02,-9.733587108826121867e-03,-8.847676726927319185e-03,-2.609427312028348572e-03,-1.948001744751290572e-03,-9.640241843625368262e-03,-1.129968959607302419e-02,-1.116234043115265327e-02,-9.310592587183513097e-03,-4.422877105093399666e-03,-4.128717972206863256e-03,-8.232237038397432691e-03,-7.382462525634089431e-03,3.436467077612710003e-04,4.413959693643717402e-03,-5.867938268923227063e-03,-1.099511384789723760e-02,-9.019543883839404100e-03,-3.573673123756089878e-03,-5.842744460922121193e-03,-4.703128112398015370e-03,-5.419456094615100923e-03,-8.277958857148152993e-03,-7.936495220779550899e-03,4.452347892303296084e-04,-9.728774070848968114e-03,-1.302275920102678904e-02,-7.669639649215097277e-05
-1.088862872563633663e-02,-1.294432358679425445e-02,-3.017279919235164864e-03,2.142879996117338232e-03,-2.384854443599811885e-04,-1.018827178562904320e-02,-9.306238518824581918e-03,-1.173985914585264773e-02,-1.307389258903425208e-02,-1.399466721351995228e-02,1.411786038119080752e-03,1.103363950962620715e-03,-9.908367260196924292e-03,-1.242583716700303847e-02,-3.658457917894005970e-03,4.111658402985940430e-03,-6.890642406310406101e-03,-6.668470276651370342e-03,-1.135809020775522919e-02,-8.387052327463917836e-03,-7.559186002524510839e-03,3.003718782653655439e-02,-1.152727010186329996e-02,7.540836625345576083e-04,-1.208908486658767482e-02,-1.241862076211801107e-02,1.735043670766938870e-03,8.390778171485977974e-03,-1.872046104018349096e-03,2.731931887428864711e-03,-1.130017332305881597e-02,-1.049692879846906429e-02,-1.008977471171765977e-02,-1.027501017981656203e-02,7.301057566517915598e-03
-1.058095367786056340e-02,1.108302449512544967e-02,-9.330208867984031429e-03,1.964466809296908784e-02,-9.775630932206593598e-03,-1.514865629300022470e-02,-1.469643331643195709e-02,-1.261071082133939300e-03,-1.288343497161576617e-02,-1.162386671701813590e-02,5.718031624844183494e-03,1.880137083890553659e-02,-9.175909368796898724e-03,-1.328011385581297915e-02,5.722467997534752895e-03,-1.193857810780434882e-02,-8.384146395347288200e-03,-5.292412957066206479e-03,-8.714649300316287123e-03,-9.830776078038373778e-04,1.415962925339858507e-02,-1.247821429128753712e-02,-1.033467500326863339e-02,-1.277399895143397149e-03,-1.288489578503148637e-02,-1.161227431193696119e-02,-1.089679993792157936e-02,1.488946099111822588e-03,-1.015547225103124139e-02,1.053787076899935678e-02,-1.200148875392253491e-02,-7.069714220261208090e-03,-1.119879480166262667e-02,-1.282920355528891290e-02,2.057344766526816859e-03
-1.238572855841611406e-02,-1.533545603155191117e-02,-1.179330069000085295e-02,-1.438938463298691794e-02,-1.149283872944148639e-02,-1.264747179100911278e-02,-4.823373954798600149e-03,-1.239405362611622693e-02,-1.442084282822355193e-02,-1.262106670778825705e-02,-1.625210249102300442e-02,-1.414409442854712082e-02,-5.970101900337703056e-03,-7.760897928581285757e-03,-9.602834854126262101e-03,-1.296948568621564962e-02,-8.686833232484149694e-03,-7.698380320642464296e-03,4.660992363074278194e-04,-9.037686837579534879e-03,-9.829609484619725862e-03,-1.533229616409427856e-02,-1.006849404034375686e-02,-1.550791340730535255e-02,-9.178765661226176431e-03,-1.287786798007851605e-02,-1.246425833508712708e-02,-1.571526266117807477e-02,-1.366275484116240974e-02,-8.527391315748186762e-03,1.210023912172527791e-03,-2.374747556749904828e-03,4.735129247668976721e-03,-1.382404604353370051e-02,-1.642901291385667761e-02
-1.271434729714549482e-02,-1.302674211993343559e-02,-4.979338875669303381e-03,5.396016870301481930e-03,-1.155301210518087408e-02,-1.176120830435157041e-02,-1.270418066868936498e-02,-1.251310846744469601e-02,-1.192224159795903828e-02,-1.395130018567633523e-02,-8.426864169855559361e-03,-6.220675357069983119e-04,-7.322869863952230149e-03,-1.517941383026746166e-02,-7.494708727239731208e-03,-1.176964818310744648e-02,-3.937120658584451413e-03,4.349334448396600938e-05,-5.338581640464089978e-03,2.085740639560861726e-03,3.265320428307702527e-02,3.466539315859652054e-04,-6.619344188568061435e-03,-1.172436154478683629e-02,-7.277410672716954840e-03,-9.188904569735593247e-03,-5.741360762970475033e-03,-1.301222929996617705e-02,-5.313965199823511391e-03,8.548499323864713895e-04,-9.170696960567678233e-03,-8.994339964182264044e-03,-1.291062876425228163e-02,-1.001811574895615335e-02,6.447375888434480479e-03
-1.285443970355310342e-02,-1.617008694695204127e-02,-1.795270081654863278e-03,-6.143759481978230269e-03,-4.754479714699861616e-03,-1.690625078958371552e-02,-1.457125719628605404e-02,5.762529828451094793e-02,-2.943471831208110609e-03,8.582026883259288169e-03,-1.439441090279759521e-02,-6.785601027993848171e-03,-1.877764261409184746e-03,-7.619795845206422599e-03,3.571456120006666346e-02,-1.077784995116998559e-02,-5.542012938578052758e-03,-1.572782472429334194e-02,-1.182462780467564284e-02,-1.359198034235646439e-02,-9.330582707812005647e-03,-1.595013879249150904e-02,-1.436241130063295457e-02,-1.061974959869426208e-02,-1.430061643800105246e-02,-1.331266174896022017e-02,-1.339837021228735756e-03,-5.304576863857072763e-03,-1.325172767443543592e-02,-1.356408859907311595e-02,6.381432001385904662e-04,-3.346288933196099602e-03,-9.898802688495599023e-03,-1.289086412740070992e-02,-1.228756442211471206e-02
